theta,kappa,mode,axis,coarse,fine,horizon_coverage,initial_value_change,maximum_initial_state_value_change_over_horizons,maximum_common_state_value_change,raw_action_disagreement_fraction,robust_action_disagreement_fraction,maximum_per_horizon_robust_action_disagreement_fraction,maximum_action_loss_under_fine_scores,near_tie_definition,states,action_disagreements,robust_states,robust_action_disagreements,numerical_tie_states,numerical_tie_action_disagreements,near_tie_states,near_tie_action_disagreements,passes_predeclared_rule
0.15,0.002,active,belief_grid,"[81, 81]","[161, 81]",every positive remaining horizon; terminal row excluded,0.006661800691954767,0.006661800691954767,0.01198096889784317,0.00018830278089537348,0.0,0.0,2.6299760593651023e-05,fine top-two gap <= robust_gap; includes numerical ties <= 1e-12,801900,151,379286,0,0,0,422614,151,True
0.15,0.002,active,belief_grid,"[161, 81]","[321, 81]",every positive remaining horizon; terminal row excluded,0.002093255217156198,0.002093255217156198,0.004053666387747512,0.00012171403475751302,0.0,0.0,6.0428050110417075e-06,fine top-two gap <= robust_gap; includes numerical ties <= 1e-12,1593900,194,752702,0,0,0,841198,194,True
0.15,0.002,active,quadrature,"[321, 81]","[321, 161]",every positive remaining horizon; terminal row excluded,6.466554834716476e-06,6.466554834716476e-06,1.9327532733370845e-05,2.832058906825262e-05,0.0,0.0,2.1882909413406537e-06,fine top-two gap <= robust_gap; includes numerical ties <= 1e-12,3177900,90,1499523,0,0,0,1678377,90,True
0.15,0.002,noinfo,belief_grid,"[81, 81]","[161, 81]",every positive remaining horizon; terminal row excluded,0.0,0.0,0.007667387929556568,0.0,0.0,0.0,0.0,fine top-two gap <= robust_gap; includes numerical ties <= 1e-12,801900,0,377553,0,0,0,424347,0,True
0.15,0.002,noinfo,belief_grid,"[161, 81]","[321, 81]",every positive remaining horizon; terminal row excluded,0.0,0.0,0.00377692857269718,0.0,0.0,0.0,0.0,fine top-two gap <= robust_gap; includes numerical ties <= 1e-12,1593900,0,748827,0,0,0,845073,0,True
0.15,0.002,noinfo,quadrature,"[321, 81]","[321, 161]",every positive remaining horizon; terminal row excluded,2.0250467969162855e-13,2.0250467969162855e-13,3.659295089164516e-13,0.0,0.0,0.0,0.0,fine top-two gap <= robust_gap; includes numerical ties <= 1e-12,3177900,0,1491991,0,0,0,1685909,0,True
0.15,0.02,active,belief_grid,"[81, 81]","[161, 81]",every positive remaining horizon; terminal row excluded,0.0011871509542213943,0.0011871509542213943,0.0013539478504203117,3.491707195410899e-05,0.0,0.0,2.438061908976996e-05,fine top-two gap <= robust_gap; includes numerical ties <= 1e-12,801900,28,376969,0,0,0,424931,28,True
0.15,0.02,active,belief_grid,"[161, 81]","[321, 81]",every positive remaining horizon; terminal row excluded,0.00029356015529913293,0.00029356015529913293,0.00034314687911773945,3.889829976786498e-05,0.0,0.0,1.5881128931222177e-06,fine top-two gap <= robust_gap; includes numerical ties <= 1e-12,1593900,62,748215,0,0,0,845685,62,True
0.15,0.02,active,quadrature,"[321, 81]","[321, 161]",every positive remaining horizon; terminal row excluded,1.335077550734809e-06,1.335077550734809e-06,6.452900914805104e-06,0.0003046036690896504,0.0,0.0,1.625829573914661e-06,fine top-two gap <= robust_gap; includes numerical ties <= 1e-12,3177900,968,1490658,0,0,0,1687242,968,True
0.15,0.02,noinfo,belief_grid,"[81, 81]","[161, 81]",every positive remaining horizon; terminal row excluded,0.0,0.0,0.0005524981436773047,0.0,0.0,0.0,0.0,fine top-two gap <= robust_gap; includes numerical ties <= 1e-12,801900,0,374335,0,0,0,427565,0,True
0.15,0.02,noinfo,belief_grid,"[161, 81]","[321, 81]",every positive remaining horizon; terminal row excluded,0.0,0.0,0.00018922376630392534,0.0,0.0,0.0,0.0,fine top-two gap <= robust_gap; includes numerical ties <= 1e-12,1593900,0,744399,0,0,0,849501,0,True
0.15,0.02,noinfo,quadrature,"[321, 81]","[321, 161]",every positive remaining horizon; terminal row excluded,2.0250467969162855e-13,2.0250467969162855e-13,2.398081733190338e-13,0.0,0.0,0.0,0.0,fine top-two gap <= robust_gap; includes numerical ties <= 1e-12,3177900,0,1482568,0,0,0,1695332,0,True
0.15,0.1,active,belief_grid,"[81, 81]","[161, 81]",every positive remaining horizon; terminal row excluded,0.00027906134221211687,0.00027906134221211687,0.0003290205134405255,2.4940765681506424e-06,0.0,0.0,1.7434694299378606e-07,fine top-two gap <= robust_gap; includes numerical ties <= 1e-12,801900,2,367010,0,0,0,434890,2,True
0.15,0.1,active,belief_grid,"[161, 81]","[321, 81]",every positive remaining horizon; terminal row excluded,6.772521221343197e-05,6.772521221343197e-05,9.89164961957556e-05,0.0,0.0,0.0,0.0,fine top-two gap <= robust_gap; includes numerical ties <= 1e-12,1593900,0,727466,0,0,0,866434,0,True
0.15,0.1,active,quadrature,"[321, 81]","[321, 161]",every positive remaining horizon; terminal row excluded,3.5923773822332805e-06,3.5923773822332805e-06,4.934319340677007e-06,1.8880392712168413e-06,0.0,0.0,5.60081639400245e-07,fine top-two gap <= robust_gap; includes numerical ties <= 1e-12,3177900,6,1450064,0,0,0,1727836,6,True
0.15,0.1,noinfo,belief_grid,"[81, 81]","[161, 81]",every positive remaining horizon; terminal row excluded,0.0,0.0,0.00010077164055521601,2.4940765681506424e-06,0.0,0.0,2.801390894813238e-07,fine top-two gap <= robust_gap; includes numerical ties <= 1e-12,801900,2,366116,0,0,0,435784,2,True
0.15,0.1,noinfo,belief_grid,"[161, 81]","[321, 81]",every positive remaining horizon; terminal row excluded,0.0,0.0,4.144515831688844e-05,0.0,0.0,0.0,0.0,fine top-two gap <= robust_gap; includes numerical ties <= 1e-12,1593900,0,726542,0,0,0,867358,0,True
0.15,0.1,noinfo,quadrature,"[321, 81]","[321, 161]",every positive remaining horizon; terminal row excluded,2.0250467969162855e-13,2.0250467969162855e-13,2.1316282072803006e-13,0.0,0.0,0.0,0.0,fine top-two gap <= robust_gap; includes numerical ties <= 1e-12,3177900,0,1445975,0,0,0,1731925,0,True
0.35,0.002,active,belief_grid,"[81, 81]","[161, 81]",every positive remaining horizon; terminal row excluded,0.03638047096077024,0.03638047096077024,0.05069876897053405,0.0020613542835765056,0.0,0.0,0.0005189971409237659,fine top-two gap <= robust_gap; includes numerical ties <= 1e-12,801900,1653,465033,0,1383,3,336867,1653,False
0.35,0.002,active,belief_grid,"[161, 81]","[321, 81]",every positive remaining horizon; terminal row excluded,0.01556280595733206,0.01556280595733206,0.022956875074588545,0.00039964866051822573,0.0,0.0,0.00047239149276312453,fine top-two gap <= robust_gap; includes numerical ties <= 1e-12,1593900,637,924230,0,2759,3,669670,637,False
0.35,0.002,active,belief_grid,"[321, 81]","[641, 81]",every positive remaining horizon; terminal row excluded,0.00517214840828828,0.00517214840828828,0.008121858227633005,0.00019006261996916204,0.0,0.0,0.00029908111609472376,fine top-two gap <= robust_gap; includes numerical ties <= 1e-12,3177900,604,1841972,0,5253,247,1335928,604,True
0.35,0.002,active,quadrature,"[641, 81]","[641, 161]",every positive remaining horizon; terminal row excluded,4.530907308009091e-06,4.725422951185054e-05,0.00013025826477147673,0.00029483603586567705,0.0,0.0,6.42561754233828e-05,fine top-two gap <= robust_gap; includes numerical ties <= 1e-12,6345900,1871,3678405,0,10271,4,2667495,1871,True
0.35,0.002,noinfo,belief_grid,"[81, 81]","[161, 81]",every positive remaining horizon; terminal row excluded,0.0,0.0,0.026344379824914554,2.4940765681506424e-06,0.0,0.0,5.360309839330668e-06,fine top-two gap <= robust_gap; includes numerical ties <= 1e-12,801900,2,492223,0,170,0,309677,2,True
0.35,0.002,noinfo,belief_grid,"[161, 81]","[321, 81]",every positive remaining horizon; terminal row excluded,0.0,0.0,0.013212109985049736,5.019135453918062e-06,0.0,0.0,7.781579483945311e-06,fine top-two gap <= robust_gap; includes numerical ties <= 1e-12,1593900,8,976951,0,330,0,616949,8,True
0.35,0.002,noinfo,quadrature,"[321, 81]","[321, 161]",every positive remaining horizon; terminal row excluded,3.1441516057384433e-13,3.1441516057384433e-13,6.821210263296962e-13,0.0,0.0,0.0,2.7755575615628914e-17,fine top-two gap <= robust_gap; includes numerical ties <= 1e-12,3177900,0,1946975,0,660,0,1230925,0,True
0.35,0.02,active,belief_grid,"[81, 81]","[161, 81]",every positive remaining horizon; terminal row excluded,0.004596349314073933,0.004596349314073933,0.005153585977044628,2.4940765681506424e-05,0.0,0.0,4.609385982434766e-05,fine top-two gap <= robust_gap; includes numerical ties <= 1e-12,801900,20,478960,0,1356,1,322940,20,True
0.35,0.02,active,belief_grid,"[161, 81]","[321, 81]",every positive remaining horizon; terminal row excluded,0.0013885146244074775,0.0013885146244074775,0.0016047095980837867,9.410878976096367e-06,0.0,0.0,2.17617068600795e-05,fine top-two gap <= robust_gap; includes numerical ties <= 1e-12,1593900,15,951545,0,2710,1,642355,15,True
0.35,0.02,active,quadrature,"[321, 81]","[321, 161]",every positive remaining horizon; terminal row excluded,4.611769044871039e-05,4.611769044871039e-05,8.785452555137852e-05,0.00029736618521665253,0.0,0.0,3.90189481747627e-05,fine top-two gap <= robust_gap; includes numerical ties <= 1e-12,3177900,945,1894787,0,5139,0,1283113,945,True
0.35,0.02,noinfo,belief_grid,"[81, 81]","[161, 81]",every positive remaining horizon; terminal row excluded,0.0,0.0,0.003233313591703535,1.2470382840753212e-05,0.0,0.0,1.1308891645134267e-05,fine top-two gap <= robust_gap; includes numerical ties <= 1e-12,801900,10,486967,0,170,0,314933,10,True
0.35,0.02,noinfo,belief_grid,"[161, 81]","[321, 81]",every positive remaining horizon; terminal row excluded,0.0,0.0,0.0008603888622920053,3.764351590438547e-06,0.0,0.0,2.0659425877811444e-06,fine top-two gap <= robust_gap; includes numerical ties <= 1e-12,1593900,6,965003,0,330,0,628897,6,True
0.35,0.02,noinfo,quadrature,"[321, 81]","[321, 161]",every positive remaining horizon; terminal row excluded,3.1441516057384433e-13,3.1441516057384433e-13,3.3217872896784684e-13,0.0,0.0,0.0,2.7755575615628914e-17,fine top-two gap <= robust_gap; includes numerical ties <= 1e-12,3177900,0,1920789,0,660,0,1257111,0,True
0.35,0.1,active,belief_grid,"[81, 81]","[161, 81]",every positive remaining horizon; terminal row excluded,0.0014903949037474717,0.0014903949037474717,0.0016307169298457325,0.0,0.0,0.0,1.3877787807814457e-17,fine top-two gap <= robust_gap; includes numerical ties <= 1e-12,801900,0,485806,0,177,0,316094,0,True
0.35,0.1,active,belief_grid,"[161, 81]","[321, 81]",every positive remaining horizon; terminal row excluded,0.00034803234036928643,0.00034803234036928643,0.00042055139585883694,1.2547838634795156e-06,0.0,0.0,2.525632512233311e-06,fine top-two gap <= robust_gap; includes numerical ties <= 1e-12,1593900,2,963546,0,343,0,630354,2,True
0.35,0.1,active,quadrature,"[321, 81]","[321, 161]",every positive remaining horizon; terminal row excluded,7.713703639922187e-05,7.713703639922187e-05,0.0001040198728006203,0.0001913213128166399,0.0,0.0,3.443388315738094e-05,fine top-two gap <= robust_gap; includes numerical ties <= 1e-12,3177900,608,1917927,0,685,0,1259973,608,True
0.35,0.1,noinfo,belief_grid,"[81, 81]","[161, 81]",every positive remaining horizon; terminal row excluded,0.0,0.0,0.0003508064963710922,9.97630627260257e-06,0.0,0.0,2.4722720574833768e-05,fine top-two gap <= robust_gap; includes numerical ties <= 1e-12,801900,8,492488,0,170,0,309412,8,True
0.35,0.1,noinfo,belief_grid,"[161, 81]","[321, 81]",every positive remaining horizon; terminal row excluded,0.0,0.0,0.00013472861131128,3.764351590438547e-06,0.0,0.0,1.7749325414290196e-06,fine top-two gap <= robust_gap; includes numerical ties <= 1e-12,1593900,6,978905,0,330,0,614995,6,True
0.35,0.1,noinfo,quadrature,"[321, 81]","[321, 161]",every positive remaining horizon; terminal row excluded,3.1441516057384433e-13,3.1441516057384433e-13,3.197442310920451e-13,0.0,0.0,0.0,2.7755575615628914e-17,fine top-two gap <= robust_gap; includes numerical ties <= 1e-12,3177900,0,1948623,0,660,0,1229277,0,True
0.65,0.002,active,belief_grid,"[81, 81]","[161, 81]",every positive remaining horizon; terminal row excluded,0.06578682763280597,0.06578682763280597,0.09360905026778177,0.00444818555929667,0.0,0.0,0.0018649301744613211,fine top-two gap <= robust_gap; includes numerical ties <= 1e-12,801900,3567,515393,0,3699,16,286507,3567,False
0.65,0.002,active,belief_grid,"[161, 81]","[321, 81]",every positive remaining horizon; terminal row excluded,0.03347095507768927,0.03347095507768927,0.04608125577196631,0.0028358115314637052,0.0,0.0,0.001207722237290626,fine top-two gap <= robust_gap; includes numerical ties <= 1e-12,1593900,4520,1022000,0,7377,10,571900,4520,False
0.65,0.002,active,belief_grid,"[321, 81]","[641, 81]",every positive remaining horizon; terminal row excluded,0.01073930236264431,0.01073930236264431,0.015312657863647772,0.0006759180590956292,0.0,0.0,0.0008413487843471901,fine top-two gap <= robust_gap; includes numerical ties <= 1e-12,3177900,2148,2036414,0,14523,13,1141486,2148,False
0.65,0.002,active,belief_grid,"[641, 81]","[1281, 81]",every positive remaining horizon; terminal row excluded,0.0014245446924121552,0.0014245446924121552,0.0019394577319324924,0.00012559290250397894,0.0,0.0,2.7404874959779946e-05,fine top-two gap <= robust_gap; includes numerical ties <= 1e-12,6345900,797,4065081,0,29018,11,2280819,797,True
0.65,0.002,active,quadrature,"[641, 81]","[641, 161]",every positive remaining horizon; terminal row excluded,0.0001380253426717104,0.00043607100614551086,0.0006616888973722812,0.002425818244851006,0.0,0.0,0.00046839069789883503,fine top-two gap <= robust_gap; includes numerical ties <= 1e-12,6345900,15394,4067308,0,29198,410,2278592,15394,True
0.65,0.002,active,quadrature,"[1281, 81]","[1281, 161]",every positive remaining horizon; terminal row excluded,0.00012763092172818347,0.0004350264042511931,0.0006840214549785895,0.0025764278223294615,0.0,0.0,0.0004892839516140723,fine top-two gap <= robust_gap; includes numerical ties <= 1e-12,12681900,32674,8127651,0,58381,586,4554249,32674,True
0.65,0.002,active,quadrature,"[1281, 161]","[1281, 321]",every positive remaining horizon; terminal row excluded,2.5047311819292872e-05,0.00021425285032505847,0.00030641631259475943,0.0010689250033512328,0.0,0.0,0.0002773401759912364,fine top-two gap <= robust_gap; includes numerical ties <= 1e-12,12681900,13556,8125520,0,58712,472,4556380,13556,True
0.65,0.002,noinfo,belief_grid,"[81, 81]","[161, 81]",every positive remaining horizon; terminal row excluded,0.0,0.0,0.0475738366775027,4.988153136301285e-06,0.0,0.0,6.411038961928739e-07,fine top-two gap <= robust_gap; includes numerical ties <= 1e-12,801900,4,554209,0,280,0,247691,4,False
0.65,0.002,noinfo,belief_grid,"[161, 81]","[321, 81]",every positive remaining horizon; terminal row excluded,0.0,0.0,0.023890569320727195,0.0,0.0,0.0,0.0,fine top-two gap <= robust_gap; includes numerical ties <= 1e-12,1593900,0,1100898,0,550,0,493002,0,True
0.65,0.002,noinfo,belief_grid,"[641, 81]","[1281, 81]",every positive remaining horizon; terminal row excluded,0.0,0.0,0.006014459493398405,3.151641217163838e-07,0.0,0.0,7.599679326952824e-07,fine top-two gap <= robust_gap; includes numerical ties <= 1e-12,6345900,2,4382447,0,2190,0,1963453,2,True
0.65,0.002,noinfo,quadrature,"[321, 81]","[321, 161]",every positive remaining horizon; terminal row excluded,1.7763568394002505e-13,1.7763568394002505e-13,8.597567102697212e-13,0.0,0.0,0.0,2.7755575615628914e-17,fine top-two gap <= robust_gap; includes numerical ties <= 1e-12,3177900,0,2194837,0,1100,0,983063,0,True
0.65,0.002,noinfo,quadrature,"[1281, 81]","[1281, 161]",every positive remaining horizon; terminal row excluded,1.7763568394002505e-13,1.7763568394002505e-13,8.455458555545192e-13,0.0,0.0,0.0,2.7755575615628914e-17,fine top-two gap <= robust_gap; includes numerical ties <= 1e-12,12681900,0,8756869,0,4370,0,3925031,0,True
0.65,0.02,active,belief_grid,"[81, 81]","[161, 81]",every positive remaining horizon; terminal row excluded,0.012634250152490978,0.012634250152490978,0.013731932635600685,9.97630627260257e-05,0.0,0.0,0.00015967683451789672,fine top-two gap <= robust_gap; includes numerical ties <= 1e-12,801900,80,529120,0,3333,3,272780,80,False
0.65,0.02,active,belief_grid,"[161, 81]","[321, 81]",every positive remaining horizon; terminal row excluded,0.003370176237304179,0.003370176237304179,0.003722282924822906,0.0010402158228245185,0.0,0.0,2.200215370851133e-05,fine top-two gap <= robust_gap; includes numerical ties <= 1e-12,1593900,1658,1051563,0,6938,0,542337,1658,True
0.65,0.02,active,quadrature,"[321, 81]","[321, 161]",every positive remaining horizon; terminal row excluded,0.00016944088234538413,0.00016944088234538413,0.00035630840400868724,0.001326347588029831,0.0,0.0,0.0002719880040969874,fine top-two gap <= robust_gap; includes numerical ties <= 1e-12,3177900,4215,2096399,0,14139,28,1081501,4215,True
0.65,0.02,noinfo,belief_grid,"[81, 81]","[161, 81]",every positive remaining horizon; terminal row excluded,0.0,0.0,0.008706732967348474,1.2470382840753212e-05,0.0,0.0,0.00013843454011028267,fine top-two gap <= robust_gap; includes numerical ties <= 1e-12,801900,10,554117,0,280,0,247783,10,True
0.65,0.02,noinfo,belief_grid,"[161, 81]","[321, 81]",every positive remaining horizon; terminal row excluded,0.0,0.0,0.0023912323534986957,1.2547838634795156e-06,0.0,0.0,2.686000873219907e-06,fine top-two gap <= robust_gap; includes numerical ties <= 1e-12,1593900,2,1100221,0,550,0,493679,2,True
0.65,0.02,noinfo,quadrature,"[321, 81]","[321, 161]",every positive remaining horizon; terminal row excluded,1.7763568394002505e-13,1.7763568394002505e-13,2.646771690706373e-13,0.0,0.0,0.0,2.7755575615628914e-17,fine top-two gap <= robust_gap; includes numerical ties <= 1e-12,3177900,0,2193256,0,1100,0,984644,0,True
0.65,0.1,active,belief_grid,"[81, 81]","[161, 81]",every positive remaining horizon; terminal row excluded,0.003189239336931493,0.003189239336931493,0.003514651811512337,3.7411148522259634e-05,0.0,0.0,0.00020406427757842238,fine top-two gap <= robust_gap; includes numerical ties <= 1e-12,801900,30,515346,0,2375,0,286554,30,True
0.65,0.1,active,belief_grid,"[161, 81]","[321, 81]",every positive remaining horizon; terminal row excluded,0.0007361028351677845,0.0007361028351677845,0.0008849920044475823,3.764351590438547e-06,0.0,0.0,3.5379136731905625e-06,fine top-two gap <= robust_gap; includes numerical ties <= 1e-12,1593900,6,1024120,0,4738,0,569780,6,True
0.65,0.1,active,quadrature,"[321, 81]","[321, 161]",every positive remaining horizon; terminal row excluded,0.0002635949034299756,0.0002635949034299756,0.00033437040960571096,0.0011450958179930143,0.0,0.0,0.00012103963842763354,fine top-two gap <= robust_gap; includes numerical ties <= 1e-12,3177900,3639,2042111,0,9474,0,1135789,3639,True
0.65,0.1,noinfo,belief_grid,"[81, 81]","[161, 81]",every positive remaining horizon; terminal row excluded,0.0,0.0,0.0006700570110247384,1.4964459408903853e-05,0.0,0.0,4.7142819673287595e-05,fine top-two gap <= robust_gap; includes numerical ties <= 1e-12,801900,12,535437,0,280,0,266463,12,True
0.65,0.1,noinfo,belief_grid,"[161, 81]","[321, 81]",every positive remaining horizon; terminal row excluded,0.0,0.0,0.00029763220457395406,1.5057406361754188e-05,0.0,0.0,1.1672873351187274e-05,fine top-two gap <= robust_gap; includes numerical ties <= 1e-12,1593900,24,1064581,0,550,0,529319,24,True
0.65,0.1,noinfo,quadrature,"[321, 81]","[321, 161]",every positive remaining horizon; terminal row excluded,1.7763568394002505e-13,1.7763568394002505e-13,2.007283228522283e-13,0.0,0.0,0.0,2.7755575615628914e-17,fine top-two gap <= robust_gap; includes numerical ties <= 1e-12,3177900,0,2119598,0,1100,0,1058302,0,True
