variant,policy,objective_mean,objective_se,objective_df,objective_low,objective_high,objective_one_sided_lower,objective_environments,objective_pilots,objective_episodes,pnl_mean,pnl_se,pnl_df,pnl_low,pnl_high,pnl_one_sided_lower,pnl_environments,pnl_pilots,pnl_episodes
fixed_duration,abstain,0.0,0.0,1.0,0.0,0.0,0.0,9,90,9000,0.0,0.0,1.0,0.0,0.0,0.0,9,90,9000
fixed_duration,active,11.667878374119644,0.09864182340861326,63.283802940495995,11.470775718132938,11.86498103010635,11.503216515595554,9,90,9000,13.422552374119642,0.09968991630303245,62.9162084317139,13.223332780262478,13.621771967976805,13.256126498499402,9,90,9000
fixed_duration,full_information,17.077980039921563,0.11055059726352313,69.57183023832214,16.85746996692138,17.298490112921748,16.893686436801506,9,90,9000,18.85876048436601,0.1115377975636259,69.36629407866103,18.63626962655078,19.081251342181236,18.67281373129073,9,90,9000
fixed_duration,independent,8.39613965393168,0.11003858759715968,68.7437006130805,8.176604075990113,8.615675231873247,8.212669769870642,9,90,9000,10.34967654282057,0.11038816742764554,68.58024147066493,10.12943412529781,10.56991896034333,10.165617803451548,9,90,9000
fixed_duration,myopic,7.181973743264909,0.08732606338684305,57.66806809947504,7.007150210705051,7.356797275824768,7.035989982117421,9,90,9000,8.381780187709353,0.08874908204865313,57.643598111396706,8.204106209397589,8.559454166021117,8.23341652529336,9,90,9000
fixed_duration,noinfo,9.673548826648712,0.1122740089556684,59.533834150697885,9.448931196110893,9.898166457186532,9.485955345796496,9,90,9000,11.52641993775982,0.11276294677080101,59.7272814486664,11.300839275745705,11.752000599773936,11.338019158390182,9,90,9000
fixed_duration,taker,3.474745269308499,0.11356111214719014,60.327849690430064,3.247614611745446,3.701875926871552,3.285040693355099,9,90,9000,5.5365970470862775,0.11426575560471829,60.700442166459354,5.30808574018583,5.765108353986725,5.345733630584188,9,90,9000
nominal,abstain,0.0,0.0,1.0,0.0,0.0,0.0,9,90,9000,0.0,0.0,1.0,0.0,0.0,0.0,9,90,9000
nominal,active,13.246730076186957,0.13450105211786878,59.47390696582081,12.977638956683185,13.515821195690728,13.021994871213984,9,90,9000,15.001406298409178,0.13459617163568297,59.489568778431575,14.732126348193242,15.270686248625113,14.776513096903923,9,90,9000
nominal,full_information,17.25607919675128,0.11978970861351564,59.12141235780806,17.016390842510877,17.495767550991683,17.055906006833702,9,90,9000,19.026437641195724,0.11984601231126413,59.043692729500286,18.786630037520652,19.266245244870795,18.826166169201187,9,90,9000
nominal,independent,8.559870928072248,0.15033511264309088,52.11798675108101,8.258217709374277,8.86152414677022,8.308116682715585,9,90,9000,10.519728705850024,0.1498889073906917,52.018538557416946,10.21895716013647,10.820500251563578,10.268713000934364,9,90,9000
nominal,myopic,9.376686594006857,0.13137221616346245,66.60825566152644,9.114438201574584,9.63893498643913,9.157550687652861,9,90,9000,10.803310594006858,0.13882229669399282,63.679661410014454,10.525954304331982,11.080666883681733,10.571597252469292,9,90,9000
nominal,noinfo,11.854168753880046,0.14050518663987363,54.49001708246041,11.572530820466442,12.13580668729365,11.619061107622045,9,90,9000,13.692930309435603,0.14017074359194903,54.36208705692203,13.411947751222264,13.973912867648941,13.458372741108416,9,90,9000
nominal,taker,3.390331571822102,0.09677199407555581,74.58869098777039,3.1975344480559618,3.583128695588242,3.2291539216365908,9,90,9000,5.459998238488769,0.09743369509892974,74.76474892984545,5.265890353589762,5.654106123387776,5.297723304469936,9,90,9000
state_dependence,abstain,0.0,0.0,1.0,0.0,0.0,0.0,9,90,9000,0.0,0.0,1.0,0.0,0.0,0.0,9,90,9000
state_dependence,active,12.924036411325353,0.1266189301619663,57.91438799931524,12.670573107531673,13.177499715119033,12.712381110385563,9,90,9000,14.673841522436469,0.12699731463675962,58.49435244749509,14.419674512049225,14.928008532823712,14.461587926349484,9,90,9000
state_dependence,full_information,16.97799321109988,0.12280171587362518,60.27431807735462,16.732376198021104,17.223610224178653,16.772849305162747,9,90,9000,18.748397655544327,0.12311753098690228,60.923375594169244,18.50220267453064,18.994592636558014,18.542760368132996,9,90,9000
state_dependence,independent,8.20498458681267,0.13421104917420087,63.36502689861475,7.936815439362695,8.473153734262644,7.980951624026954,9,90,9000,10.158865031257115,0.13422148911448026,63.73992238414592,9.890705709511542,10.427024353002688,9.934834191634184,9,90,9000
state_dependence,myopic,9.184243289542778,0.1243910968818402,41.337232723424385,8.933092597414458,9.435393981671098,8.974947715242605,9,90,9000,10.585454400653889,0.132776203213848,38.800544152229385,10.31684503245615,10.854063768851628,10.361715098987768,9,90,9000
state_dependence,noinfo,11.65481063106158,0.13615834842090233,44.531883388860116,11.380494051739133,11.929127210384026,11.426092039739247,9,90,9000,13.491751519950467,0.13669891012026117,44.42172684087365,13.216326823154109,13.767176216746826,13.262112797054193,9,90,9000
state_dependence,taker,3.4139328458323703,0.09928889343443349,71.9789020929244,3.2160030630108833,3.6118626286538573,3.248487756510485,9,90,9000,5.478637290276814,0.09977993917114784,71.65600123506108,5.279713301359515,5.677561279194113,5.312364202132915,9,90,9000
