variant,environment,baseline,family_size,paired_mean,paired_se,paired_low,paired_high,paired_pilots,paired_episodes,paired_df,paired_observed_pilot_mean_variance,paired_within_pilot_mean_variance,paired_estimated_between_pilot_variance,family_adjusted_mean,family_adjusted_se,family_adjusted_low,family_adjusted_high,family_adjusted_pilots,family_adjusted_episodes,family_adjusted_df,family_adjusted_observed_pilot_mean_variance,family_adjusted_within_pilot_mean_variance,family_adjusted_estimated_between_pilot_variance
fixed_duration,theta0.15_kappa0.002,abstain,162,7.921039494249281,0.2398581190477952,7.378442732190006,8.463636256308556,10,1000,9,0.5753191727314629,0.7820172305786449,0.0,7.921039494249281,0.2398581190477952,6.562836389197718,9.279242599300844,10,1000,9,0.5753191727314629,0.7820172305786449,0.0
fixed_duration,theta0.15_kappa0.02,abstain,162,8.530304275981482,0.30543379505931395,7.839365028727416,9.221243523235549,10,1000,9,0.9328980316433498,0.7303524567851776,0.20254557485817226,8.530304275981482,0.30543379505931395,6.800777126831364,10.259831425131601,10,1000,9,0.9328980316433498,0.7303524567851776,0.20254557485817226
fixed_duration,theta0.15_kappa0.1,abstain,162,8.140325034446267,0.2725802289097185,7.523705717180973,8.75694435171156,10,1000,9,0.7429998119247455,0.8206657749063175,0.0,8.140325034446267,0.2725802289097185,6.596832094742717,9.683817974149816,10,1000,9,0.7429998119247455,0.8206657749063175,0.0
fixed_duration,theta0.35_kappa0.002,abstain,162,7.929732063186852,0.18741071540380294,7.505779570951003,8.353684555422701,10,1000,9,0.3512277624816523,0.8488868402998694,0.0,7.929732063186852,0.18741071540380294,6.8685138038597255,8.990950322513978,10,1000,9,0.3512277624816523,0.8488868402998694,0.0
fixed_duration,theta0.35_kappa0.02,abstain,162,10.90059965656418,0.4151663720524156,9.961428074272865,11.839771238855496,10,1000,9,1.7236311648316476,0.7846768451889682,0.9389543196426794,10.90059965656418,0.4151663720524156,8.549708813789657,13.251490499338704,10,1000,9,1.7236311648316476,0.7846768451889682,0.9389543196426794
fixed_duration,theta0.35_kappa0.1,abstain,162,10.470964104000876,0.22831294266913724,9.954484345382351,10.9874438626194,10,1000,9,0.5212679979024075,0.7912025597351082,0.0,10.470964104000876,0.22831294266913724,9.178135873346358,11.763792334655394,10,1000,9,0.5212679979024075,0.7912025597351082,0.0
fixed_duration,theta0.65_kappa0.002,abstain,162,14.54169603116641,0.23466103016407563,14.01085590095114,15.072536161381679,10,1000,9,0.5506579907766521,1.012807711807561,0.0,14.54169603116641,0.23466103016407563,13.212921582885437,15.870470479447382,10,1000,9,0.5506579907766521,1.012807711807561,0.0
fixed_duration,theta0.65_kappa0.02,abstain,162,19.010701763525894,0.28929167120317306,18.356278537375772,19.665124989676016,10,1000,9,0.8368967102752479,0.8739877584313211,0.0,19.010701763525894,0.28929167120317306,17.372579828552283,20.648823698499505,10,1000,9,0.8368967102752479,0.8739877584313211,0.0
fixed_duration,theta0.65_kappa0.1,abstain,162,17.56554294395553,0.4057796090228571,16.64760569488702,18.483480193024043,10,1000,9,1.6465709109874276,0.7537777618174274,0.8927931491700002,17.56554294395553,0.4057796090228571,15.267804901443688,19.863280986467373,10,1000,9,1.6465709109874276,0.7537777618174274,0.8927931491700002
nominal,theta0.15_kappa0.002,abstain,162,9.22043709828736,0.27888668677364864,8.589551582193291,9.851322614381427,10,1000,9,0.7777778405958321,0.9751923248212403,0.0,9.22043709828736,0.27888668677364864,7.641233669872106,10.799640526702612,10,1000,9,0.7777778405958321,0.9751923248212403,0.0
nominal,theta0.15_kappa0.02,abstain,162,8.808446950855949,0.3084482844609266,8.110688454809845,9.506205446902053,10,1000,9,0.9514034418688867,0.7302293900671816,0.22117405180170513,8.808446950855949,0.3084482844609266,7.061850173703789,10.555043728008108,10,1000,9,0.9514034418688867,0.7302293900671816,0.22117405180170513
nominal,theta0.15_kappa0.1,abstain,162,8.619875862419844,0.3036419751777391,7.932989993345327,9.306761731494362,10,1000,9,0.9219844908983874,0.8078577749109117,0.1141267159874757,8.619875862419844,0.3036419751777391,6.900494941950703,10.339256782888985,10,1000,9,0.9219844908983874,0.8078577749109117,0.1141267159874757
nominal,theta0.35_kappa0.002,abstain,162,13.937921396015474,0.5973507348178285,12.586620152544553,15.289222639486395,10,1000,9,3.5682790038739967,2.0116073700888877,1.556671633785109,13.937921396015474,0.5973507348178285,10.555406657488989,17.320436134541957,10,1000,9,3.5682790038739967,2.0116073700888877,1.556671633785109
nominal,theta0.35_kappa0.02,abstain,162,12.011514020921895,0.35589168672778665,11.206431092610298,12.816596949233492,10,1000,9,1.26658892681949,1.1347376714855493,0.13185125533394082,12.011514020921895,0.35589168672778665,9.996267691572507,14.026760350271283,10,1000,9,1.26658892681949,1.1347376714855493,0.13185125533394082
nominal,theta0.35_kappa0.1,abstain,162,9.354799378560358,0.28914500425154865,8.700707936105399,10.008890821015317,10,1000,9,0.836048334836281,0.8217075341419251,0.014340800694355949,9.354799378560358,0.28914500425154865,7.7175079491785326,10.992090807942184,10,1000,9,0.836048334836281,0.8217075341419251,0.014340800694355949
nominal,theta0.65_kappa0.002,abstain,162,23.946102751700757,0.5560074160235723,22.68832659297411,25.203878910427402,10,1000,9,3.0914424667320985,4.35164438890478,0.0,23.946102751700757,0.5560074160235723,20.79769567724841,27.094509826153104,10,1000,9,3.0914424667320985,4.35164438890478,0.0
nominal,theta0.65_kappa0.02,abstain,162,19.453653820812644,0.44741782225168736,18.441524389442414,20.465783252182874,10,1000,9,2.001827076684425,1.6887208799487332,0.31310619673569184,19.453653820812644,0.44741782225168736,16.92013826649213,21.987169375133156,10,1000,9,2.001827076684425,1.6887208799487332,0.31310619673569184
nominal,theta0.65_kappa0.1,abstain,162,13.86781940610832,0.35184942298512595,13.071880713676101,14.663758098540537,10,1000,9,1.2379801645496609,0.924276474470475,0.31370369007918586,13.86781940610832,0.35184942298512595,11.875462504844645,15.860176307371994,10,1000,9,1.2379801645496609,0.924276474470475,0.31370369007918586
state_dependence,theta0.15_kappa0.002,abstain,162,9.287159978369727,0.4101558026184308,8.359323091613197,10.214996865126258,10,1000,9,1.6822778242156915,1.0606357807254845,0.621642043490207,9.287159978369727,0.4101558026184308,6.964641620922492,11.609678335816962,10,1000,9,1.6822778242156915,1.0606357807254845,0.621642043490207
state_dependence,theta0.15_kappa0.02,abstain,162,8.879327872221058,0.2350164659968189,8.347683690290832,9.410972054151284,10,1000,9,0.5523273928963395,0.7763668082561127,0.0,8.879327872221058,0.2350164659968189,7.548540758896287,10.210114985545829,10,1000,9,0.5523273928963395,0.7763668082561127,0.0
state_dependence,theta0.15_kappa0.1,abstain,162,8.129113869265177,0.19308806808412243,7.692318312997813,8.565909425532542,10,1000,9,0.372830020364587,0.7992103869504475,0.0,8.129113869265177,0.19308806808412243,7.035747446392475,9.22248029213788,10,1000,9,0.372830020364587,0.7992103869504475,0.0
state_dependence,theta0.35_kappa0.002,abstain,162,14.303377521459378,0.4865679251858658,13.202684404312311,15.404070638606445,10,1000,9,2.3674834581967827,2.080226740297837,0.2872567178989458,14.303377521459378,0.4865679251858658,11.5481734473615,17.058581595557257,10,1000,9,2.3674834581967827,2.080226740297837,0.2872567178989458
state_dependence,theta0.35_kappa0.02,abstain,162,10.996119967079421,0.40962313620059937,10.06948805547537,11.922751878683473,10,1000,9,1.6779111371081477,1.0704189832543807,0.607492153853767,10.996119967079421,0.40962313620059937,8.67661784767127,13.315622086487572,10,1000,9,1.6779111371081477,1.0704189832543807,0.607492153853767
state_dependence,theta0.35_kappa0.1,abstain,162,9.271400492480222,0.2854752905345355,8.625610519195623,9.91719046576482,10,1000,9,0.8149614150577745,0.8159608433137293,0.0,9.271400492480222,0.2854752905345355,7.654888916558784,10.88791206840166,10,1000,9,0.8149614150577745,0.8159608433137293,0.0
state_dependence,theta0.65_kappa0.002,abstain,162,22.542909603270665,0.45802553401643364,21.506783860750918,23.579035345790412,10,1000,9,2.097873898110392,4.637448133567452,0.0,22.542909603270665,0.45802553401643364,19.949327593357296,25.136491613184035,10,1000,9,2.097873898110392,4.637448133567452,0.0
state_dependence,theta0.65_kappa0.02,abstain,162,19.00669812218579,0.5523975937026544,17.757087948878837,20.25630829549274,10,1000,9,3.0514310152848285,1.6967660543741878,1.3546649609106407,19.00669812218579,0.5523975937026544,15.878731764538937,22.13466447983264,10,1000,9,3.0514310152848285,1.6967660543741878,1.3546649609106407
state_dependence,theta0.65_kappa0.1,abstain,162,13.900220275596757,0.1921223968744362,13.465609219373292,14.334831331820222,10,1000,9,0.3691101538077837,1.0066256616012468,0.0,13.900220275596757,0.1921223968744362,12.812321992141896,14.988118559051617,10,1000,9,0.3691101538077837,1.0066256616012468,0.0
fixed_duration,theta0.15_kappa0.002,taker,162,4.5814916317665935,0.30670075023960586,3.887686332776486,5.275296930756701,10,1000,9,0.9406535019753708,0.5169058719478065,0.4237476300275643,4.5814916317665935,0.30670075023960586,2.844790314543012,6.318192948990175,10,1000,9,0.9406535019753708,0.5169058719478065,0.4237476300275643
fixed_duration,theta0.15_kappa0.02,taker,162,4.715624961679604,0.2062644843633034,4.24902228094628,5.182227642412929,10,1000,9,0.42545037509659434,0.46369634756298117,0.0,4.715624961679604,0.2062644843633034,3.547646724227177,5.883603199132032,10,1000,9,0.42545037509659434,0.46369634756298117,0.0
fixed_duration,theta0.15_kappa0.1,taker,162,4.933063537185921,0.23295455477470714,4.4060837224958505,5.460043351875992,10,1000,9,0.5426782459028203,0.4248425825751247,0.11783566332769563,4.933063537185921,0.23295455477470714,3.613952052083912,6.252175022287931,10,1000,9,0.5426782459028203,0.4248425825751247,0.11783566332769563
fixed_duration,theta0.35_kappa0.002,taker,162,4.049419118477785,0.16543612970002328,3.6751765926912645,4.423661644264306,10,1000,9,0.2736911301012292,0.4934692856113596,0.0,4.049419118477785,0.16543612970002328,3.112632546739887,4.986205690215684,10,1000,9,0.2736911301012292,0.4934692856113596,0.0
fixed_duration,theta0.35_kappa0.02,taker,162,7.569490879729679,0.25489378687816616,6.9928810739904765,8.146100685468882,10,1000,9,0.64970842589092,0.5804547659990735,0.06925365989184651,7.569490879729679,0.25489378687816616,6.126147897759193,9.012833861700166,10,1000,9,0.64970842589092,0.5804547659990735,0.06925365989184651
fixed_duration,theta0.35_kappa0.1,taker,162,7.334823262792455,0.22728295131959741,6.820673506482912,7.848973019101997,10,1000,9,0.516575399605465,0.522115309682267,0.0,7.334823262792455,0.22728295131959741,6.047827386092329,8.621819139492581,10,1000,9,0.516575399605465,0.522115309682267,0.0
fixed_duration,theta0.65_kappa0.002,taker,162,11.026872840681008,0.23367489405457517,10.498263505329339,11.555482176032678,10,1000,9,0.5460395611141693,0.674943262063617,0.0,11.026872840681008,0.23367489405457517,9.703682414868169,12.350063266493848,10,1000,9,0.5460395611141693,0.674943262063617,0.0
fixed_duration,theta0.65_kappa0.02,taker,162,15.410409910101205,0.3555800377576626,14.606031980739653,16.21478783946276,10,1000,9,1.2643716325174077,0.7885960829173756,0.4757755496000321,15.410409910101205,0.3555800377576626,13.396928301498352,17.423891518704057,10,1000,9,1.2643716325174077,0.7885960829173756,0.4757755496000321
fixed_duration,theta0.65_kappa0.1,taker,162,14.117001800886026,0.2882343436414236,13.464970415853141,14.76903318591891,10,1000,9,0.8307903685440226,0.8041393882220984,0.026650980321924145,14.117001800886026,0.2882343436414236,12.484867011909913,15.74913658986214,10,1000,9,0.8307903685440226,0.8041393882220984,0.026650980321924145
nominal,theta0.15_kappa0.002,taker,162,5.867623102234065,0.3058723956003948,5.175691671624386,6.559554532843744,10,1000,9,0.9355792239032442,0.8337130265528832,0.10186619735036107,5.867623102234065,0.3058723956003948,4.135612365623417,7.599633838844713,10,1000,9,0.9355792239032442,0.8337130265528832,0.10186619735036107
nominal,theta0.15_kappa0.02,taker,162,5.313018650396192,0.23611956936632547,4.778879075277331,5.847158225515052,10,1000,9,0.5575245103773898,0.5328571538779168,0.024667356499473048,5.313018650396192,0.23611956936632547,3.9759851843208684,6.650052116471515,10,1000,9,0.5575245103773898,0.5328571538779168,0.024667356499473048
nominal,theta0.15_kappa0.1,taker,162,4.964799811706791,0.25325734644110043,4.391891891423789,5.5377077319897925,10,1000,9,0.6413928352638756,0.4199344001295029,0.2214584351343727,4.964799811706791,0.25325734644110043,3.530723218098217,6.398876405315365,10,1000,9,0.6413928352638756,0.4199344001295029,0.2214584351343727
nominal,theta0.35_kappa0.002,taker,162,10.837868158206415,0.5348769413538524,9.627892454107203,12.047843862305628,10,1000,9,2.8609334239205255,1.9060819222177998,0.9548515017027257,10.837868158206415,0.5348769413538524,7.809112969717152,13.866623346695679,10,1000,9,2.8609334239205255,1.9060819222177998,0.9548515017027257
nominal,theta0.35_kappa0.02,taker,162,8.599458201243875,0.34911474188975083,7.809705787239529,9.38921061524822,10,1000,9,1.2188110300474735,1.008410185261289,0.21040084478618448,8.599458201243875,0.34911474188975083,6.622586505858615,10.576329896629137,10,1000,9,1.2188110300474735,1.008410185261289,0.21040084478618448
nominal,theta0.35_kappa0.1,taker,162,6.005302391206862,0.14646649242748846,5.67397216625209,6.3366326161616335,10,1000,9,0.21452433404011534,0.5552138710609522,0.0,6.005302391206862,0.14646649242748846,5.175931905059649,6.834672877354075,10,1000,9,0.21452433404011534,0.5552138710609522,0.0
nominal,theta0.65_kappa0.002,taker,162,20.23604826867037,0.5130988840407503,19.07533795291382,21.39675858442692,10,1000,9,2.6327046480386334,4.235908862834677,0.0,20.23604826867037,0.5130988840407503,17.33061192042746,23.141484616913278,10,1000,9,2.6327046480386334,4.235908862834677,0.0
nominal,theta0.65_kappa0.02,taker,162,15.989716306583233,0.5990704876556436,14.634524711912006,17.344907901254462,10,1000,9,3.5888544917997063,1.6370546177369438,1.9517998740627625,15.989716306583233,0.5990704876556436,12.597463420965816,19.38196919220065,10,1000,9,3.5888544917997063,1.6370546177369438,1.9517998740627625
nominal,theta0.65_kappa0.1,taker,162,10.893751649035885,0.2545765935963421,10.317859384351152,11.469643913720617,10,1000,9,0.6480924200711714,0.8900741504532551,0.0,10.893751649035885,0.2545765935963421,9.45220478262732,12.33529851544445,10,1000,9,0.6480924200711714,0.8900741504532551,0.0
state_dependence,theta0.15_kappa0.002,taker,162,5.720058803093159,0.30114126622759396,5.038829930682287,6.401287675504031,10,1000,9,0.9068606222515861,0.7805997046556464,0.12626091759593971,5.720058803093159,0.30114126622759396,4.014838214883776,7.425279391302542,10,1000,9,0.9068606222515861,0.7805997046556464,0.12626091759593971
state_dependence,theta0.15_kappa0.02,taker,162,5.154992439627696,0.2252410903840467,4.645461693658947,5.664523185596445,10,1000,9,0.5073354879739429,0.5080117745595286,0.0,5.154992439627696,0.2252410903840467,3.8795586558588324,6.43042622339656,10,1000,9,0.5073354879739429,0.5080117745595286,0.0
state_dependence,theta0.15_kappa0.1,taker,162,5.201501408585967,0.15828775150666474,4.843429637731943,5.559573179439991,10,1000,9,0.2505501227703565,0.40957617958245673,0.0,5.201501408585967,0.15828775150666474,4.30519272226152,6.097810094910415,10,1000,9,0.2505501227703565,0.40957617958245673,0.0
state_dependence,theta0.35_kappa0.002,taker,162,10.563965635841267,0.47537346647228895,9.488596143656766,11.639335128025769,10,1000,9,2.2597993262588045,1.8345737182414965,0.425225608017308,10.563965635841267,0.47537346647228895,7.872150487848999,13.255780783833536,10,1000,9,2.2597993262588045,1.8345737182414965,0.425225608017308
state_dependence,theta0.35_kappa0.02,taker,162,7.747388701661569,0.3863557567532951,6.873391259133781,8.621386144189357,10,1000,9,1.4927077077641133,0.8397715393907592,0.6529361683733541,7.747388701661569,0.3863557567532951,5.559638749481264,9.935138653841873,10,1000,9,1.4927077077641133,0.8397715393907592,0.6529361683733541
state_dependence,theta0.35_kappa0.1,taker,162,6.008892291361882,0.21507300074092695,5.52236336221129,6.4954212205124735,10,1000,9,0.4625639564770676,0.603827518284949,0.0,6.008892291361882,0.21507300074092695,4.7910355909977955,7.226748991725968,10,1000,9,0.4625639564770676,0.603827518284949,0.0
state_dependence,theta0.65_kappa0.002,taker,162,19.559662167995338,0.4383260728259923,18.56809970271081,20.551224633279865,10,1000,9,1.9212974611905709,4.345065561359635,0.0,19.559662167995338,0.4383260728259923,17.07762889140364,22.041695444587035,10,1000,9,1.9212974611905709,4.345065561359635,0.0
state_dependence,theta0.65_kappa0.02,taker,162,15.379277349231568,0.49647550190601836,14.256171736441035,16.5023829620221,10,1000,9,2.464879239928328,1.5113062356479088,0.9535730042804194,15.379277349231568,0.49647550190601836,12.5679713532214,18.190583345241734,10,1000,9,2.464879239928328,1.5113062356479088,0.9535730042804194
state_dependence,theta0.65_kappa0.1,taker,162,10.255193292038417,0.3651018328209254,9.429275565771807,11.081111018305027,10,1000,9,1.3329934832919896,0.8791166025294206,0.45387688076256905,10.255193292038417,0.3651018328209254,8.187794260619405,12.322592323457428,10,1000,9,1.3329934832919896,0.8791166025294206,0.45387688076256905
fixed_duration,theta0.15_kappa0.002,independent,162,-0.6062080484510459,0.10135232191787966,-0.8354829294438069,-0.376933167458285,10,1000,9,0.10272293158145508,0.18568361104782607,0.0,-0.6062080484510459,0.10135232191787966,-1.180118320404857,-0.032297776497234865,10,1000,9,0.10272293158145508,0.18568361104782607,0.0
fixed_duration,theta0.15_kappa0.02,independent,162,0.07426807462352239,0.14045640913184423,-0.24346639735499423,0.39200254660203904,10,1000,9,0.19728002866212013,0.11301161044704182,0.08426841821507831,0.07426807462352239,0.14045640913184423,-0.7210701518438093,0.869606301090854,10,1000,9,0.19728002866212013,0.11301161044704182,0.08426841821507831
fixed_duration,theta0.15_kappa0.1,independent,162,0.06960433443293049,0.07761715660091785,-0.10597787232786579,0.24518654119372676,10,1000,9,0.06024422998811406,0.05850951792750949,0.0017347120606045693,0.06960433443293049,0.07761715660091785,-0.3699049201178134,0.5091135889836743,10,1000,9,0.06024422998811406,0.05850951792750949,0.0017347120606045693
fixed_duration,theta0.35_kappa0.002,independent,162,-1.0173365249816915,0.19157957813599852,-1.450719639907899,-0.5839534100554841,10,1000,9,0.3670273475876716,0.441446265570091,0.0,-1.0173365249816915,0.19157957813599852,-2.102161082606661,0.06748803264327807,10,1000,9,0.3670273475876716,0.441446265570091,0.0
fixed_duration,theta0.35_kappa0.02,independent,162,2.5825673381797007,0.18444938514599352,2.1653138403979666,2.999820835961435,10,1000,9,0.3402157568073505,0.36492546573224394,0.0,2.5825673381797007,0.18444938514599352,1.5381176917609345,3.627016984598467,10,1000,9,0.3402157568073505,0.36492546573224394,0.0
fixed_duration,theta0.35_kappa0.1,independent,162,2.074332887127099,0.16077523074524355,1.710634047296212,2.438031726957986,10,1000,9,0.25848674821186307,0.2509175728173863,0.007569175394476768,2.074332887127099,0.16077523074524355,1.1639387821434823,2.9847269921107156,10,1000,9,0.25848674821186307,0.2509175728173863,0.007569175394476768
fixed_duration,theta0.65_kappa0.002,independent,162,5.966744248585483,0.2742024875577838,5.346455127299556,6.58703336987141,10,1000,9,0.7518700418287657,0.6904403906936276,0.0614296511351381,5.966744248585483,0.2742024875577838,4.414065225284904,7.519423271886062,10,1000,9,0.7518700418287657,0.6904403906936276,0.0614296511351381
fixed_duration,theta0.65_kappa0.02,independent,162,10.757733023523153,0.2665510955132833,10.15475255355607,11.360713493490236,10,1000,9,0.7104948651933147,0.5702618112125278,0.1402330539807869,10.757733023523153,0.2665510955132833,9.248380215211931,12.267085831834375,10,1000,9,0.7104948651933147,0.5702618112125278,0.1402330539807869
fixed_duration,theta0.65_kappa0.1,independent,162,9.543943148652499,0.19965843087525684,9.092284399134986,9.995601898170012,10,1000,9,0.39863489019569714,0.5157592790307173,0.0,9.543943148652499,0.19965843087525684,8.413371868259606,10.674514429045391,10,1000,9,0.39863489019569714,0.5157592790307173,0.0
nominal,theta0.15_kappa0.002,independent,162,1.0198656180833727,0.18004598101477046,0.6125733124977801,1.4271579236689653,10,1000,9,0.3241655527957109,0.23553562210830373,0.08862993068740718,1.0198656180833727,0.18004598101477046,0.0003503669961746336,2.0393808691705706,10,1000,9,0.3241655527957109,0.23553562210830373,0.08862993068740718
nominal,theta0.15_kappa0.02,independent,162,0.11079456161149341,0.10066470198439509,-0.1169248150234526,0.33851393824643944,10,1000,9,0.10133382225607077,0.10946740841581867,0.0,0.11079456161149341,0.10066470198439509,-0.45922204381786697,0.6808111670408538,10,1000,9,0.10133382225607077,0.10946740841581867,0.0
nominal,theta0.15_kappa0.1,independent,162,0.0020723905851411832,0.051162307756517415,-0.11366479037155085,0.1178095715418332,10,1000,9,0.026175817349726023,0.058819217455214755,0.0,0.0020723905851411832,0.051162307756517415,-0.2876355648193576,0.29178034598964,10,1000,9,0.026175817349726023,0.058819217455214755,0.0
nominal,theta0.35_kappa0.002,independent,162,5.667964966383578,0.2310721763097702,5.145243387621061,6.190686545146095,10,1000,9,0.5339435066453352,0.561993650960465,0.0,5.667964966383578,0.2310721763097702,4.359512500397157,6.976417432369999,10,1000,9,0.5339435066453352,0.561993650960465,0.0
nominal,theta0.35_kappa0.02,independent,162,3.3472942523765377,0.15979993966616587,2.9858016742459994,3.708786830507076,10,1000,9,0.25536020717310254,0.3674431614394151,0.0,3.3472942523765377,0.15979993966616587,2.442422759582123,4.252165745170952,10,1000,9,0.25536020717310254,0.3674431614394151,0.0
nominal,theta0.35_kappa0.1,independent,162,0.9575404709613908,0.10876372028011107,0.7114998420771572,1.2035810998456244,10,1000,9,0.11829546849170243,0.22155218095071327,0.0,0.9575404709613908,0.10876372028011107,0.34166295475369257,1.5734179871690892,10,1000,9,0.11829546849170243,0.22155218095071327,0.0
nominal,theta0.65_kappa0.002,independent,162,14.33767253664123,0.3306412371553479,13.5897100936938,15.085634979588662,10,1000,9,1.09323627707619,1.0817512276599421,0.01148504941624795,14.33767253664123,0.3306412371553479,12.465407562892318,16.20993751039014,10,1000,9,1.09323627707619,1.0817512276599421,0.01148504941624795
nominal,theta0.65_kappa0.02,independent,162,11.18194092263487,0.273663851475737,10.562870280820087,11.801011564449654,10,1000,9,0.7489190360453425,0.6148046609680031,0.13411437507733937,11.18194092263487,0.273663851475737,9.63231194075892,12.731569904510822,10,1000,9,0.7489190360453425,0.6148046609680031,0.13411437507733937
nominal,theta0.65_kappa0.1,independent,162,5.556586613754761,0.23303543041918842,5.029423845646232,6.08374938186329,10,1000,9,0.543055118306564,0.4745984854064364,0.06845663290012766,5.556586613754761,0.23303543041918842,4.237017168122195,6.876156059387327,10,1000,9,0.543055118306564,0.4745984854064364,0.06845663290012766
state_dependence,theta0.15_kappa0.002,independent,162,0.6116513139682677,0.12652734245280772,0.3254265799488273,0.897876047987708,10,1000,9,0.16009168388170078,0.2226836994933712,0.0,0.6116513139682677,0.12652734245280772,-0.10481319461516836,1.3281158225517036,10,1000,9,0.16009168388170078,0.2226836994933712,0.0
state_dependence,theta0.15_kappa0.02,independent,162,0.12025700100240495,0.11251114207201882,-0.13426088493041888,0.37477488693522876,10,1000,9,0.1265875709035,0.11760559549057106,0.008981975412928944,0.12025700100240495,0.11251114207201882,-0.5168403927475363,0.7573543947523463,10,1000,9,0.1265875709035,0.11760559549057106,0.008981975412928944
state_dependence,theta0.15_kappa0.1,independent,162,0.100990336581566,0.0776438602210163,-0.07465227796470864,0.27663295112784064,10,1000,9,0.060285690300207175,0.051599115543544,0.008686574756663172,0.100990336581566,0.0776438602210163,-0.3386701279422978,0.5406508011054298,10,1000,9,0.060285690300207175,0.051599115543544,0.008686574756663172
state_dependence,theta0.35_kappa0.002,independent,162,5.382445453755011,0.13184814757448485,5.084184222317715,5.680706685192307,10,1000,9,0.17383934018823133,0.5306869455010758,0.0,5.382445453755011,0.13184814757448485,4.635851741847855,6.129039165662167,10,1000,9,0.17383934018823133,0.5306869455010758,0.0
state_dependence,theta0.35_kappa0.02,independent,162,3.1776823305941604,0.26711502157224937,2.5734261712534994,3.7819384899348214,10,1000,9,0.7135043474954326,0.3808406455255417,0.33266370196989087,3.1776823305941604,0.26711502157224937,1.6651362756780377,4.690228385510283,10,1000,9,0.7135043474954326,0.3808406455255417,0.33266370196989087
state_dependence,theta0.35_kappa0.1,independent,162,0.9579832378149415,0.17618612570311548,0.5594225315699739,1.3565439440599092,10,1000,9,0.3104155089027401,0.2001598378568649,0.11025567104587522,0.9579832378149415,0.17618612570311548,-0.039675477874783094,1.9556419535046663,10,1000,9,0.3104155089027401,0.2001598378568649,0.11025567104587522
state_dependence,theta0.65_kappa0.002,independent,162,15.021300337044474,0.22821596439255507,14.505039958528956,15.537560715559993,10,1000,9,0.5208252640362396,0.9053734955983559,0.0,15.021300337044474,0.22821596439255507,13.729021248511556,16.313579425577394,10,1000,9,0.5208252640362396,0.9053734955983559,0.0
state_dependence,theta0.65_kappa0.02,independent,162,11.133705705404818,0.2524643882636831,10.56259158114266,11.704819829666976,10,1000,9,0.6373826734135573,0.6154780429437082,0.02190463046984903,11.133705705404818,0.2524643882636831,9.704119258984171,12.563292151825465,10,1000,9,0.6373826734135573,0.6154780429437082,0.02190463046984903
state_dependence,theta0.65_kappa0.1,independent,162,5.965450704448544,0.2902113684969009,5.30894697847781,6.621954430419278,10,1000,9,0.8422263840484397,0.46080924180350263,0.3814171422449371,5.965450704448544,0.2902113684969009,4.322120958603206,7.608780450293882,10,1000,9,0.8422263840484397,0.46080924180350263,0.3814171422449371
fixed_duration,theta0.15_kappa0.002,myopic,162,2.534634181207047,0.2271732523916704,2.0207325811130654,3.048535781301029,10,1000,9,0.5160768660220959,0.6575828321736081,0.0,2.534634181207047,0.2271732523916704,1.248259477661796,3.8210088847522985,10,1000,9,0.5160768660220959,0.6575828321736081,0.0
fixed_duration,theta0.15_kappa0.02,myopic,162,2.290713894857256,0.27289164793225235,1.6733900988195054,2.9080376908950067,10,1000,9,0.7446985151118038,0.5555676727601047,0.1891308423516992,2.290713894857256,0.27289164793225235,0.7454575364916374,3.8359702532228748,10,1000,9,0.7446985151118038,0.5555676727601047,0.1891308423516992
fixed_duration,theta0.15_kappa0.1,myopic,162,1.4692250518942902,0.22422195326881997,0.9619997542506248,1.9764503495379557,10,1000,9,0.5027548432768488,0.505862459744629,0.0,1.4692250518942902,0.22422195326881997,0.19956215968360813,2.738887944104972,10,1000,9,0.5027548432768488,0.505862459744629,0.0
fixed_duration,theta0.35_kappa0.002,myopic,162,6.3568929779754395,0.17038772085464332,5.971449174791247,6.742336781159632,10,1000,9,0.29031975418039857,0.8702497268724784,0.0,6.3568929779754395,0.17038772085464332,5.39206788701689,7.321718068933989,10,1000,9,0.29031975418039857,0.8702497268724784,0.0
fixed_duration,theta0.35_kappa0.02,myopic,162,3.237403823094643,0.28218208147144047,2.5990636062807173,3.875744039908569,10,1000,9,0.7962672710355467,0.5981692853914505,0.1980979856440962,3.237403823094643,0.28218208147144047,1.6395401328184205,4.835267513370866,10,1000,9,0.7962672710355467,0.5981692853914505,0.1980979856440962
fixed_duration,theta0.35_kappa0.1,myopic,162,0.9959369526006971,0.16252170508658798,0.6282873133288946,1.3635865918724996,10,1000,9,0.26413304624251877,0.5169358506779245,0.0,0.9959369526006971,0.16252170508658798,0.075653389287616,1.9162205159137784,10,1000,9,0.26413304624251877,0.5169358506779245,0.0
fixed_duration,theta0.65_kappa0.002,myopic,162,12.748346834610555,0.2671045477800158,12.144114368634016,13.352579300587093,10,1000,9,0.7134483944476673,1.0341447187354957,0.0,12.748346834610555,0.2671045477800158,11.235860087827048,14.260833581394062,10,1000,9,0.7134483944476673,1.0341447187354957,0.0
fixed_duration,theta0.65_kappa0.02,myopic,162,9.157563891339828,0.35412693084854435,8.356473118181048,9.958654664498608,10,1000,9,1.254058831522097,0.9087721180994978,0.3452867134225993,9.157563891339828,0.35412693084854435,7.152310540024121,11.162817242655535,10,1000,9,1.254058831522097,0.9087721180994978,0.3452867134225993
fixed_duration,theta0.65_kappa0.1,myopic,162,1.5824240701128367,0.31032981581685926,0.8804092544328809,2.2844388857927926,10,1000,9,0.963045945849258,0.5243317300196115,0.4387142158296464,1.5824240701128367,0.31032981581685926,-0.17482692937719801,3.3396750696028716,10,1000,9,0.963045945849258,0.5243317300196115,0.4387142158296464
nominal,theta0.15_kappa0.002,myopic,162,2.2878971220360294,0.28446455982589014,1.6443935804636536,2.931400663608405,10,1000,9,0.8092008579693744,0.7071022965632482,0.10209856140612616,2.2878971220360294,0.28446455982589014,0.67710883616749,3.8986854079045687,10,1000,9,0.8092008579693744,0.7071022965632482,0.10209856140612616
nominal,theta0.15_kappa0.02,myopic,162,1.9744714014065061,0.2630022013871985,1.3795190877067591,2.569423715106253,10,1000,9,0.691701579345125,0.5508815734548502,0.14082000589027477,1.9744714014065061,0.2630022013871985,0.48521430234491403,3.463728500468098,10,1000,9,0.691701579345125,0.5508815734548502,0.14082000589027477
nominal,theta0.15_kappa0.1,myopic,162,1.5335622185966826,0.2067461653178406,1.0658698998418676,2.0012545373514974,10,1000,9,0.4274397687363187,0.4798576420822336,0.0,1.5335622185966826,0.2067461653178406,0.36285644967401076,2.7042679875193545,10,1000,9,0.4274397687363187,0.4798576420822336,0.0
nominal,theta0.35_kappa0.002,myopic,162,5.0182549649399935,0.36735333726236824,4.1872439817741025,5.849265948105884,10,1000,9,1.3494847439779925,1.1306279811534699,0.2188567628245226,5.0182549649399935,0.36735333726236824,2.9381067285512077,7.098403201328779,10,1000,9,1.3494847439779925,1.1306279811534699,0.2188567628245226
nominal,theta0.35_kappa0.02,myopic,162,3.12157961250438,0.22184317489506808,2.619735485397607,3.6234237396111535,10,1000,9,0.4921439424752376,0.6824320153572391,0.0,3.12157961250438,0.22184317489506808,1.8653866173573683,4.3777726076513925,10,1000,9,0.4921439424752376,0.6824320153572391,0.0
nominal,theta0.35_kappa0.1,myopic,162,1.3825193095445203,0.23332827445726784,0.8546940821976664,1.9103445368913743,10,1000,9,0.5444208366120611,0.5160197370919213,0.028401099520139805,1.3825193095445203,0.23332827445726784,0.061291626603188876,2.7037469924858515,10,1000,9,0.5444208366120611,0.5160197370919213,0.028401099520139805
nominal,theta0.65_kappa0.002,myopic,162,9.30463360069487,0.40481413851991627,8.388880397640058,10.220386803749683,10,1000,9,1.6387448674562193,2.2512359350863287,0.0,9.30463360069487,0.40481413851991627,7.012362561093479,11.596904640296263,10,1000,9,1.6387448674562193,2.2512359350863287,0.0
nominal,theta0.65_kappa0.02,myopic,162,7.418397783906263,0.2806740043643726,6.783469074522143,8.053326493290383,10,1000,9,0.7877789672593185,1.0193732888888705,0.0,7.418397783906263,0.2806740043643726,5.829073621154095,9.00772194665843,10,1000,9,0.7877789672593185,1.0193732888888705,0.0
nominal,theta0.65_kappa0.1,myopic,162,2.7890753259916377,0.24947176803290783,2.224730979020063,3.3534196729632124,10,1000,9,0.6223616304546498,0.5632778614555285,0.05908376899912127,2.7890753259916377,0.24947176803290783,1.3764346727999848,4.201715979183291,10,1000,9,0.6223616304546498,0.5632778614555285,0.05908376899912127
state_dependence,theta0.15_kappa0.002,myopic,162,2.009652589721637,0.3604198772924012,1.1943261826897813,2.8249789967534924,10,1000,9,1.2990248794746952,0.7336687455177955,0.5653561339568998,2.009652589721637,0.3604198772924012,-0.03123474152312289,4.050539920966397,10,1000,9,1.2990248794746952,0.7336687455177955,0.5653561339568998
state_dependence,theta0.15_kappa0.02,myopic,162,1.997090500254353,0.24614642360881425,1.440268604990513,2.5539123955181933,10,1000,9,0.6058806185540982,0.5713867179502493,0.03449390060384894,1.997090500254353,0.24614642360881425,0.6032797000612131,3.390901300447493,10,1000,9,0.6058806185540982,0.5713867179502493,0.03449390060384894
state_dependence,theta0.15_kappa0.1,myopic,162,1.5445216139984645,0.18661526528841318,1.1223685549387934,1.9666746730581357,10,1000,9,0.3482525723866483,0.5042442104259166,0.0,1.5445216139984645,0.18661526528841318,0.48780761252562677,2.6012356154713023,10,1000,9,0.3482525723866483,0.5042442104259166,0.0
state_dependence,theta0.35_kappa0.002,myopic,162,5.115970560198752,0.2711768221991138,4.502525969476172,5.729415150921333,10,1000,9,0.7353686889800979,1.025275104497139,0.0,5.115970560198752,0.2711768221991138,3.5804244490601906,6.651516671337314,10,1000,9,0.7353686889800979,1.025275104497139,0.0
state_dependence,theta0.35_kappa0.02,myopic,162,2.9084162984952586,0.18649484479712455,2.4865356495125037,3.3302969474780135,10,1000,9,0.34780327135903577,0.6574977133930636,0.0,2.9084162984952586,0.18649484479712455,1.852384181320644,3.964448415669873,10,1000,9,0.34780327135903577,0.6574977133930636,0.0
state_dependence,theta0.35_kappa0.1,myopic,162,1.5372645421510143,0.18077055505703712,1.1283331362057305,1.946195948096298,10,1000,9,0.3267799357562929,0.4514841685637755,0.0,1.5372645421510143,0.18077055505703712,0.5136463708960388,2.5608827134059897,10,1000,9,0.3267799357562929,0.4514841685637755,0.0
state_dependence,theta0.65_kappa0.002,myopic,162,8.685065705619168,0.44307374477650463,7.682763260225174,9.687368151013162,10,1000,9,1.9631434331027517,2.213701598792825,0.0,8.685065705619168,0.44307374477650463,6.1761486078312124,11.193982803407124,10,1000,9,1.9631434331027517,2.213701598792825,0.0
state_dependence,theta0.65_kappa0.02,myopic,162,6.883293844829746,0.31448764428872156,6.1718733676904804,7.594714321969011,10,1000,9,0.9890247841026945,0.8799122706159708,0.10911251348672368,6.883293844829746,0.31448764428872156,5.1024990288403,8.664088660819191,10,1000,9,0.9890247841026945,0.8799122706159708,0.10911251348672368
state_dependence,theta0.65_kappa0.1,myopic,162,2.9768624407748114,0.15680397162788,2.622147213201596,3.331577668348027,10,1000,9,0.24587485518276997,0.5784544428735058,0.0,2.9768624407748114,0.15680397162788,2.0889556982602246,3.8647691832893982,10,1000,9,0.24587485518276997,0.5784544428735058,0.0
fixed_duration,theta0.15_kappa0.002,noinfo,162,0.22610976984061434,0.09194024526577532,0.018126485463216963,0.4340930542180117,10,1000,9,0.0845300869953092,0.05326577340295617,0.03126431359235303,0.22610976984061434,0.09194024526577532,-0.2945043627762409,0.7467239024574697,10,1000,9,0.0845300869953092,0.05326577340295617,0.03126431359235303
fixed_duration,theta0.15_kappa0.02,noinfo,162,0.04019294048656004,0.027703173512302202,-0.02247599190653589,0.10286187287965597,10,1000,9,0.007674658226527222,0.01564186357406421,0.0,0.04019294048656004,0.027703173512302202,-0.11667703095140254,0.19706291192452263,10,1000,9,0.007674658226527222,0.01564186357406421,0.0
fixed_duration,theta0.15_kappa0.1,noinfo,162,-0.0037933569693250533,0.01429495889771534,-0.03613080063169774,0.028544086693047633,10,1000,9,0.0020434584988737094,0.002670610853785497,0.0,-0.0037933569693250533,0.01429495889771534,-0.0847389494659986,0.0771522355273485,10,1000,9,0.0020434584988737094,0.002670610853785497,0.0
fixed_duration,theta0.35_kappa0.002,noinfo,162,2.642392334003426,0.22195949845577229,2.1402850647206035,3.1444996032862482,10,1000,9,0.49266018954737983,0.38302553219565383,0.109634657351726,2.642392334003426,0.22195949845577229,1.3855406535387507,3.899244014468101,10,1000,9,0.49266018954737983,0.38302553219565383,0.109634657351726
fixed_duration,theta0.35_kappa0.02,noinfo,162,0.781148721978131,0.10819768349979716,0.5363885572508917,1.0259088867053703,10,1000,9,0.11706738714722281,0.1895011078305624,0.0,0.781148721978131,0.10819768349979716,0.1684764043922169,1.3938210395640451,10,1000,9,0.11706738714722281,0.1895011078305624,0.0
fixed_duration,theta0.35_kappa0.1,noinfo,162,-0.09552628784297461,0.08970127723767161,-0.29844467465832103,0.1073920989723718,10,1000,9,0.08046319138069624,0.07346765570620221,0.006995535674494027,-0.09552628784297461,0.08970127723767161,-0.6034622032706269,0.41240962758467775,10,1000,9,0.08046319138069624,0.07346765570620221,0.006995535674494027
fixed_duration,theta0.65_kappa0.002,noinfo,162,9.265419020593876,0.17491231867143822,8.86973986604964,9.661098175138113,10,1000,9,0.30594319223018757,0.6298004050951984,0.0,9.265419020593876,0.17491231867143822,8.274973271771936,10.255864769415817,10,1000,9,0.30594319223018757,0.6298004050951984,0.0
fixed_duration,theta0.65_kappa0.02,noinfo,162,5.058607368889112,0.3243378072561318,4.32490427503839,5.7923104627398345,10,1000,9,1.051950132157157,0.4794967667814416,0.5724533653757153,5.058607368889112,0.3243378072561318,3.2220357379195796,6.895178999858645,10,1000,9,1.051950132157157,0.4794967667814416,0.5724533653757153
fixed_duration,theta0.65_kappa0.1,noinfo,162,0.03441541625896182,0.10799802160963527,-0.2098930818933099,0.27872391441123356,10,1000,9,0.11663572671595247,0.21257931795543836,0.0,0.03441541625896182,0.10799802160963527,-0.5771263104582549,0.6459571429761786,10,1000,9,0.11663572671595247,0.21257931795543836,0.0
nominal,theta0.15_kappa0.002,noinfo,162,0.006975647723629813,0.045904695594038536,-0.09686798822049567,0.11081928366775529,10,1000,9,0.02107241077581341,0.035573495164528304,0.0,0.006975647723629813,0.045904695594038536,-0.25296093620266297,0.26691223164992256,10,1000,9,0.02107241077581341,0.035573495164528304,0.0
nominal,theta0.15_kappa0.02,noinfo,162,0.04353532128668693,0.04464715403968719,-0.057463558022746254,0.14453420059612013,10,1000,9,0.019933683638435562,0.01701513298091717,0.002918550657518393,0.04353532128668693,0.04464715403968719,-0.2092803994783675,0.29635104205174134,10,1000,9,0.019933683638435562,0.01701513298091717,0.002918550657518393
nominal,theta0.15_kappa0.1,noinfo,162,-0.029728258704937595,0.01309831967860896,-0.059358716386523534,-9.780102335165547e-05,10,1000,9,0.0017156597840303474,0.003350719191424532,0.0,-0.029728258704937595,0.01309831967860896,-0.10389784916562042,0.04444133175574524,10,1000,9,0.0017156597840303474,0.003350719191424532,0.0
nominal,theta0.35_kappa0.002,noinfo,162,1.8153428778284417,0.14475503706642132,1.4878842338775171,2.1428015217793663,10,1000,9,0.20954020756101013,0.4151895052323895,0.0,1.8153428778284417,0.14475503706642132,0.9956635540850133,2.63502220157187,10,1000,9,0.20954020756101013,0.4151895052323895,0.0
nominal,theta0.35_kappa0.02,noinfo,162,0.5644149343593723,0.13295673126699797,0.26364591238149676,0.8651839563372479,10,1000,9,0.17677492389204716,0.1795544508466961,0.0,0.5644149343593723,0.13295673126699797,-0.18845616277601074,1.3172860314947554,10,1000,9,0.17677492389204716,0.1795544508466961,0.0
nominal,theta0.35_kappa0.1,noinfo,162,0.011374553794204021,0.07245178281981879,-0.152522765669149,0.17527187325755703,10,1000,9,0.05249260833770188,0.07365222632353684,0.0,0.011374553794204021,0.07245178281981879,-0.3988856316147831,0.42163473920319117,10,1000,9,0.05249260833770188,0.07365222632353684,0.0
nominal,theta0.65_kappa0.002,noinfo,162,5.4000206486524185,0.27938144144531857,4.768015919734004,6.032025377570833,10,1000,9,0.7805398982406397,1.4369587900221297,0.0,5.4000206486524185,0.27938144144531857,3.818015658489043,6.982025638815794,10,1000,9,0.7805398982406397,1.4369587900221297,0.0
nominal,theta0.65_kappa0.02,noinfo,162,3.4211219967160718,0.169011640265646,3.038791104092867,3.8034528893392765,10,1000,9,0.2856493454528413,0.42241085820860214,0.0,3.4211219967160718,0.169011640265646,2.4640889994177124,4.378154994014431,10,1000,9,0.2856493454528413,0.42241085820860214,0.0
nominal,theta0.65_kappa0.1,noinfo,162,1.299994179106305,0.17704090729217808,0.8994998225670114,1.7004885356455985,10,1000,9,0.31343482854837595,0.27703475001788547,0.03640007853049049,1.299994179106305,0.17704090729217808,0.29749523948330414,2.3024931187293056,10,1000,9,0.31343482854837595,0.27703475001788547,0.03640007853049049
state_dependence,theta0.15_kappa0.002,noinfo,162,0.005211049548374575,0.06401720023718363,-0.13960591851045734,0.15002801760720647,10,1000,9,0.04098201926207663,0.03556621868931727,0.005415800572759366,0.005211049548374575,0.06401720023718363,-0.35728808320570465,0.36771018230245384,10,1000,9,0.04098201926207663,0.03556621868931727,0.005415800572759366
state_dependence,theta0.15_kappa0.02,noinfo,162,0.017938172033915935,0.04999212305595325,-0.09515186722059799,0.13102821128842987,10,1000,9,0.024992123676415724,0.013951278051091065,0.011040845625324659,0.017938172033915935,0.04999212305595325,-0.2651435807633933,0.3010199248312252,10,1000,9,0.024992123676415724,0.013951278051091065,0.011040845625324659
state_dependence,theta0.15_kappa0.1,noinfo,162,0.01337683669545146,0.019013914774258844,-0.0296356268039728,0.056389300194875716,10,1000,9,0.0036152895504277874,0.0032918534241064465,0.00032343612632134084,0.01337683669545146,0.019013914774258844,-0.09428997144973454,0.12104364484063747,10,1000,9,0.0036152895504277874,0.0032918534241064465,0.00032343612632134084
state_dependence,theta0.35_kappa0.002,noinfo,162,1.634781762748715,0.22492549592985805,1.1259649410350479,2.143598584462382,10,1000,9,0.5059147871929259,0.3714016658742551,0.13451312131867083,1.634781762748715,0.22492549592985805,0.3611350411369203,2.9084284843605097,10,1000,9,0.5059147871929259,0.3714016658742551,0.13451312131867083
state_dependence,theta0.35_kappa0.02,noinfo,162,0.41880510509592855,0.15990192396744085,0.05708182244776827,0.7805283877440888,10,1000,9,0.2556862528848924,0.17386652447835,0.08181972840654239,0.41880510509592855,0.15990192396744085,-0.4866438765706916,1.3242540867625487,10,1000,9,0.2556862528848924,0.17386652447835,0.08181972840654239
state_dependence,theta0.35_kappa0.1,noinfo,162,0.03138045115363713,0.061045292264605,-0.10671359399784891,0.16947449630512318,10,1000,9,0.03726527707671043,0.07149601511889517,0.0,0.03138045115363713,0.061045292264605,-0.31429017209528975,0.377051074402564,10,1000,9,0.03726527707671043,0.07149601511889517,0.0
state_dependence,theta0.65_kappa0.002,noinfo,162,5.149613870275916,0.4433667177664547,4.1466486739342,6.152579066617632,10,1000,9,1.9657404642299907,1.3520228653728317,0.613717598857159,5.149613870275916,0.4433667177664547,2.6390378049857297,7.660189935566102,10,1000,9,1.9657404642299907,1.3520228653728317,0.613717598857159
state_dependence,theta0.65_kappa0.02,noinfo,162,3.25388057059279,0.1895207337851081,2.825154885162036,3.682606256023544,10,1000,9,0.3591810853444581,0.45690736717793606,0.0,3.25388057059279,0.1895207337851081,2.1807142749491044,4.327046866236476,10,1000,9,0.3591810853444581,0.45690736717793606,0.0
state_dependence,theta0.65_kappa0.1,noinfo,162,0.8980442042292509,0.19102315889493252,0.4659197970747397,1.330168611383762,10,1000,9,0.3648984723419863,0.2779413770617895,0.0869570952801968,0.8980442042292509,0.19102315889493252,-0.18362961435079317,1.979718022809295,10,1000,9,0.3648984723419863,0.2779413770617895,0.0869570952801968
fixed_duration,theta0.15_kappa0.002,full_information,162,-2.341114940045108,0.20746674848373997,-2.8104373311700543,-1.8717925489201621,10,1000,9,0.43042451726415415,0.3135387763153414,0.11688574094881277,-2.341114940045108,0.20746674848373997,-3.5159010306898786,-1.1663288494003377,10,1000,9,0.43042451726415415,0.3135387763153414,0.11688574094881277
fixed_duration,theta0.15_kappa0.02,full_information,162,-1.649373869910146,0.15121919022220326,-1.9914554442238472,-1.3072922955964446,10,1000,9,0.2286724349145889,0.26065675153385287,0.0,-1.649373869910146,0.15121919022220326,-2.505656636232737,-0.793091103587555,10,1000,9,0.2286724349145889,0.26065675153385287,0.0
fixed_duration,theta0.15_kappa0.1,full_information,162,-1.769631812379421,0.1533004077235087,-2.1164214277710416,-1.4228421969878005,10,1000,9,0.2350101500819401,0.25669178482992516,0.0,-1.769631812379421,0.1533004077235087,-2.6376995292543732,-0.9015640955044686,10,1000,9,0.2350101500819401,0.25669178482992516,0.0
fixed_duration,theta0.35_kappa0.002,full_information,162,-8.310986055963543,0.2252613660616422,-8.820562668701596,-7.801409443225491,10,1000,9,0.5074268303995717,0.5063371451919433,0.0010896852076284214,-8.310986055963543,0.2252613660616422,-9.586534651306751,-7.035437460620335,10,1000,9,0.5074268303995717,0.5063371451919433,0.0010896852076284214
fixed_duration,theta0.35_kappa0.02,full_information,162,-4.985720124898838,0.15858965603000003,-5.344474851232806,-4.626965398564869,10,1000,9,0.2515067899971372,0.28312262369989005,0.0,-4.985720124898838,0.15858965603000003,-5.88373835377557,-4.087701896022105,10,1000,9,0.2515067899971372,0.28312262369989005,0.0
fixed_duration,theta0.35_kappa0.1,full_information,162,-5.012379192939855,0.16801918175139632,-5.39246498842627,-4.632293397453441,10,1000,9,0.2823044543640875,0.31410035366501043,0.0,-5.012379192939855,0.16801918175139632,-5.9637923669817,-4.060966018898011,10,1000,9,0.2823044543640875,0.31410035366501043,0.0
fixed_duration,theta0.65_kappa0.002,full_information,162,-10.970188512131305,0.28900871479018336,-11.623971646405021,-10.316405377857588,10,1000,9,0.8352603722467355,0.5101419046351248,0.3251184676116108,-10.970188512131305,0.28900871479018336,-12.606708198741416,-9.333668825521194,10,1000,9,0.8352603722467355,0.5101419046351248,0.3251184676116108
fixed_duration,theta0.65_kappa0.02,full_information,162,-6.227612574929319,0.18877085882416855,-6.654641925345981,-5.800583224512657,10,1000,9,0.35634437141214176,0.27355178829605864,0.08279258311608312,-6.227612574929319,0.18877085882416855,-7.296532683266976,-5.158692466591662,10,1000,9,0.35634437141214176,0.27355178829605864,0.08279258311608312
fixed_duration,theta0.65_kappa0.1,full_information,162,-7.423907909019748,0.20355712078816296,-7.88438610784927,-6.963429710190226,10,1000,9,0.4143550142356677,0.3288605853909114,0.08549442884475628,-7.423907909019748,0.20355712078816296,-8.576555626793054,-6.2712601912464425,10,1000,9,0.4143550142356677,0.3288605853909114,0.08549442884475628
nominal,theta0.15_kappa0.002,full_information,162,-0.5869748402474078,0.09317803940627416,-0.7977582095058042,-0.3761914709890113,10,1000,9,0.08682147027597181,0.1332330701229541,0.0,-0.5869748402474078,0.09317803940627416,-1.1145980157589301,-0.05935166473588549,10,1000,9,0.08682147027597181,0.1332330701229541,0.0
nominal,theta0.15_kappa0.02,full_information,162,-1.0218726668027418,0.09385113533333819,-1.2341786848337966,-0.8095666487716872,10,1000,9,0.0880803560335656,0.21751101665928946,0.0,-1.0218726668027418,0.09385113533333819,-1.5533072662584073,-0.4904380673470763,10,1000,9,0.0880803560335656,0.21751101665928946,0.0
nominal,theta0.15_kappa0.1,full_information,162,-1.7475262125730786,0.13209759449055902,-2.0463517321383096,-1.4487006930078479,10,1000,9,0.1744977447019217,0.24605036040787515,0.0,-1.7475262125730786,0.13209759449055902,-2.495532424408536,-0.999520000737621,10,1000,9,0.1744977447019217,0.24605036040787515,0.0
nominal,theta0.35_kappa0.002,full_information,162,-1.929378641605108,0.16116268710394643,-2.2939539686131063,-1.5648033145971096,10,1000,9,0.2597341171456454,0.14017711908199088,0.11955699806365455,-1.929378641605108,0.16116268710394643,-2.8419667287292976,-1.0167905544809184,10,1000,9,0.2597341171456454,0.14017711908199088,0.11955699806365455
nominal,theta0.35_kappa0.02,full_information,162,-4.369062447313488,0.15617162457268297,-4.722347206466415,-4.015777688160561,10,1000,9,0.24389576321671036,0.3043419047023328,0.0,-4.369062447313488,0.15617162457268297,-5.253388507476156,-3.4847363871508197,10,1000,9,0.24389576321671036,0.3043419047023328,0.0
nominal,theta0.35_kappa0.1,full_information,162,-6.894559973988828,0.14596886897967326,-7.224764496496749,-6.564355451480908,10,1000,9,0.21306910711205015,0.3534915930086583,0.0,-6.894559973988828,0.14596886897967326,-7.721112653865184,-6.068007294112473,10,1000,9,0.21306910711205015,0.3534915930086583,0.0
nominal,theta0.65_kappa0.002,full_information,162,-2.0386075805566812,0.13112192873373535,-2.335225990841616,-1.741989170271746,10,1000,9,0.1719296019485477,0.11350378215830181,0.058425819790245886,-2.0386075805566812,0.13112192873373535,-2.7810890585800374,-1.296126102533325,10,1000,9,0.1719296019485477,0.11350378215830181,0.058425819790245886
nominal,theta0.65_kappa0.02,full_information,162,-5.671474624975285,0.14300337078258482,-5.9949707244953965,-5.347978525455173,10,1000,9,0.20449964055181435,0.25733569678646845,0.0,-5.671474624975285,0.14300337078258482,-6.48123509087406,-4.861714159076509,10,1000,9,0.20449964055181435,0.25733569678646845,0.0
nominal,theta0.65_kappa0.1,full_information,162,-11.82468509701629,0.20119545704500283,-12.279820841293102,-11.36954935273948,10,1000,9,0.40479611935547577,0.38232281238534666,0.022473306970129114,-11.82468509701629,0.20119545704500283,-12.963959829785871,-10.68541036424671,10,1000,9,0.40479611935547577,0.38232281238534666,0.022473306970129114
state_dependence,theta0.15_kappa0.002,full_information,162,-0.6966181563880752,0.051524602298950846,-0.8131749045389758,-0.5800614082371747,10,1000,9,0.026547846420650507,0.15736654419244617,0.0,-0.6966181563880752,0.051524602298950846,-0.9883776144660286,-0.40485869831012194,10,1000,9,0.026547846420650507,0.15736654419244617,0.0
state_dependence,theta0.15_kappa0.02,full_information,162,-1.4286642438123731,0.14642219474628917,-1.759894260450325,-1.0974342271744213,10,1000,9,0.21439459114320236,0.21694973526631256,0.0,-1.4286642438123731,0.14642219474628917,-2.2577838931382592,-0.599544594486487,10,1000,9,0.21439459114320236,0.21694973526631256,0.0
state_dependence,theta0.15_kappa0.1,full_information,162,-1.4611689595723485,0.1788820407977616,-1.8658282494589655,-1.0565096696857315,10,1000,9,0.31998784519972046,0.24800945096830454,0.07197839423141592,-1.4611689595723485,0.1788820407977616,-2.474093367609865,-0.44824455153483167,10,1000,9,0.31998784519972046,0.24800945096830454,0.07197839423141592
state_dependence,theta0.35_kappa0.002,full_information,162,-1.8349967400239744,0.14613852859922158,-2.165585059255494,-1.5044084207924548,10,1000,9,0.21356469541145506,0.13720113700127695,0.07636355841017811,-1.8349967400239744,0.14613852859922158,-2.662510122097892,-1.0074833579500568,10,1000,9,0.21356469541145506,0.13720113700127695,0.07636355841017811
state_dependence,theta0.35_kappa0.02,full_information,162,-4.416784643881565,0.1179539132244157,-4.683614933562255,-4.149954354200875,10,1000,9,0.1391312564495299,0.27247214524472146,0.0,-4.416784643881565,0.1179539132244157,-5.0847018769123995,-3.7488674108507296,10,1000,9,0.1391312564495299,0.27247214524472146,0.0
state_dependence,theta0.35_kappa0.1,full_information,162,-6.586238662707041,0.1899339488922086,-7.015899105652099,-6.156578219761983,10,1000,9,0.3607490494178811,0.31871349895304546,0.04203555046483565,-6.586238662707041,0.1899339488922086,-7.661744800102785,-5.5107325253112975,10,1000,9,0.3607490494178811,0.31871349895304546,0.04203555046483565
state_dependence,theta0.65_kappa0.002,full_information,162,-2.1521171499849805,0.12269083956411976,-2.4296631115146794,-1.8745711884552816,10,1000,9,0.15053042112948573,0.11014926787731598,0.040381153252169746,-2.1521171499849805,0.12269083956411976,-2.8468573568994078,-1.4573769430705532,10,1000,9,0.15053042112948573,0.11014926787731598,0.040381153252169746
state_dependence,theta0.65_kappa0.02,full_information,162,-6.123387554886838,0.2197723340864218,-6.620547114625317,-5.6262279951483585,10,1000,9,0.4829987882979379,0.26690997307356057,0.21608881522437734,-6.123387554886838,0.2197723340864218,-7.36785435778513,-4.878920751988546,10,1000,9,0.4829987882979379,0.26690997307356057,0.21608881522437734
state_dependence,theta0.65_kappa0.1,full_information,162,-11.785635086713532,0.12108266710603606,-12.059543109398161,-11.511727064028902,10,1000,9,0.14661012273511145,0.39868913894329855,0.0,-11.785635086713532,0.12108266710603606,-12.471268973463777,-11.100001199963286,10,1000,9,0.14661012273511145,0.39868913894329855,0.0
