environment,pilot,true_parameter_weight,entropy,maximum_weight
theta0.15_kappa0.002,0,0.9999999999818101,4.410268087251602e-10,0.9999999999818101
theta0.15_kappa0.002,1,1.0,7.150299456622183e-17,1.0
theta0.15_kappa0.002,2,1.0,5.145238542661982e-15,1.0
theta0.15_kappa0.002,3,1.0,5.013763050016938e-15,1.0
theta0.15_kappa0.002,4,1.0,5.145078003079765e-22,1.0
theta0.15_kappa0.002,5,1.0,6.513439726243655e-16,1.0
theta0.15_kappa0.002,6,1.0,2.298370859767796e-15,1.0
theta0.15_kappa0.002,7,1.0,3.0079755625593334e-19,1.0
theta0.15_kappa0.002,8,1.0,6.629912952871271e-12,1.0
theta0.15_kappa0.002,9,1.0,2.234591251174255e-17,1.0
theta0.15_kappa0.02,0,0.9999999967258191,6.725743282644141e-08,0.9999999967258191
theta0.15_kappa0.02,1,0.9685953911650175,0.13959132904096472,0.9685953911650175
theta0.15_kappa0.02,2,0.999998085708298,2.711816915793905e-05,0.999998085708298
theta0.15_kappa0.02,3,0.9999867445882011,0.00016212823346290248,0.9999867445882011
theta0.15_kappa0.02,4,0.9999997895829659,3.4453993545020844e-06,0.9999997895829659
theta0.15_kappa0.02,5,0.9999996441438903,5.639887617009755e-06,0.9999996441438903
theta0.15_kappa0.02,6,0.9999977012002138,3.217031133935509e-05,0.9999977012002138
theta0.15_kappa0.02,7,0.9997264352259279,0.002517845137766718,0.9997264352259279
theta0.15_kappa0.02,8,0.9999976592835192,3.2688227191971815e-05,0.9999976592835192
theta0.15_kappa0.02,9,0.9999996987426584,4.824702737473005e-06,0.9999996987426584
theta0.15_kappa0.1,0,0.9999891208727304,0.0001352129470683265,0.9999891208727304
theta0.15_kappa0.1,1,0.9998336228997373,0.0016140526153195385,0.9998336228997373
theta0.15_kappa0.1,2,0.9973725411385619,0.018235676528419578,0.9973725411385619
theta0.15_kappa0.1,3,0.9999951645957972,6.401854870617254e-05,0.9999951645957972
theta0.15_kappa0.1,4,0.9999998313796965,2.798348900282707e-06,0.9999998313796965
theta0.15_kappa0.1,5,0.9995002178047893,0.004298670768080673,0.9995002178047893
theta0.15_kappa0.1,6,0.9995104407299078,0.0042208626291737415,0.9995104407299078
theta0.15_kappa0.1,7,0.9999880871019017,0.0001469799455154487,0.9999880871019017
theta0.15_kappa0.1,8,0.9999579173760283,0.0004661010185035209,0.9999579173760283
theta0.15_kappa0.1,9,0.9999985003789664,2.1609985068596164e-05,0.9999985003789664
theta0.35_kappa0.002,0,1.0,1.3412357073071702e-86,1.0
theta0.35_kappa0.002,1,1.0,3.487484169198353e-75,1.0
theta0.35_kappa0.002,2,1.0,1.9994558904463577e-70,1.0
theta0.35_kappa0.002,3,1.0,9.929490352251775e-79,1.0
theta0.35_kappa0.002,4,1.0,1.6223281407669763e-69,1.0
theta0.35_kappa0.002,5,1.0,1.713527440086632e-80,1.0
theta0.35_kappa0.002,6,1.0,4.315991112444292e-68,1.0
theta0.35_kappa0.002,7,1.0,8.847861825406669e-72,1.0
theta0.35_kappa0.002,8,1.0,2.867959096865622e-75,1.0
theta0.35_kappa0.002,9,1.0,5.508090011806549e-81,1.0
theta0.35_kappa0.02,0,1.0,2.3483981136311496e-65,1.0
theta0.35_kappa0.02,1,1.0,1.2641870343677702e-72,1.0
theta0.35_kappa0.02,2,1.0,7.955148322247389e-58,1.0
theta0.35_kappa0.02,3,1.0,6.502862286185741e-64,1.0
theta0.35_kappa0.02,4,1.0,7.43879659685849e-46,1.0
theta0.35_kappa0.02,5,1.0,2.0416013997533407e-60,1.0
theta0.35_kappa0.02,6,1.0,1.7010353987184657e-70,1.0
theta0.35_kappa0.02,7,1.0,1.0862197381233186e-64,1.0
theta0.35_kappa0.02,8,1.0,4.164829404000684e-61,1.0
theta0.35_kappa0.02,9,1.0,7.495802327402598e-44,1.0
theta0.35_kappa0.1,0,1.0,1.2326850271829226e-32,1.0
theta0.35_kappa0.1,1,1.0,6.014458346639946e-40,1.0
theta0.35_kappa0.1,2,1.0,1.2318796959592367e-38,1.0
theta0.35_kappa0.1,3,1.0,3.6071478406445034e-40,1.0
theta0.35_kappa0.1,4,1.0,1.697956308697846e-42,1.0
theta0.35_kappa0.1,5,1.0,9.708542516432241e-36,1.0
theta0.35_kappa0.1,6,1.0,1.3272622602629652e-40,1.0
theta0.35_kappa0.1,7,1.0,2.0079204081488447e-38,1.0
theta0.35_kappa0.1,8,1.0,3.5606863416748864e-44,1.0
theta0.35_kappa0.1,9,1.0,8.284123571400398e-37,1.0
theta0.65_kappa0.002,0,1.0,1.673276328678578e-136,1.0
theta0.65_kappa0.002,1,1.0,3.045656113845788e-116,1.0
theta0.65_kappa0.002,2,1.0,1.4599827283658702e-146,1.0
theta0.65_kappa0.002,3,1.0,2.192352668204537e-137,1.0
theta0.65_kappa0.002,4,1.0,3.287957560318415e-144,1.0
theta0.65_kappa0.002,5,1.0,1.5625935119333352e-123,1.0
theta0.65_kappa0.002,6,1.0,1.8669504829756825e-137,1.0
theta0.65_kappa0.002,7,1.0,6.678026478718973e-129,1.0
theta0.65_kappa0.002,8,1.0,4.5221851440520627e-141,1.0
theta0.65_kappa0.002,9,1.0,2.2106286898636066e-137,1.0
theta0.65_kappa0.02,0,1.0,1.540114835806579e-215,1.0
theta0.65_kappa0.02,1,1.0,7.337254386288015e-199,1.0
theta0.65_kappa0.02,2,1.0,6.219560575599835e-221,1.0
theta0.65_kappa0.02,3,1.0,2.9682722778118054e-202,1.0
theta0.65_kappa0.02,4,1.0,3.6158323568570573e-196,1.0
theta0.65_kappa0.02,5,1.0,3.3316187249270483e-203,1.0
theta0.65_kappa0.02,6,1.0,1.7931476239715808e-194,1.0
theta0.65_kappa0.02,7,1.0,1.1485580718035137e-192,1.0
theta0.65_kappa0.02,8,1.0,4.999828934148977e-218,1.0
theta0.65_kappa0.02,9,1.0,4.747223489949322e-225,1.0
theta0.65_kappa0.1,0,1.0,2.984506365519754e-265,1.0
theta0.65_kappa0.1,1,1.0,9.053785669174277e-256,1.0
theta0.65_kappa0.1,2,1.0,1.0591237051646862e-265,1.0
theta0.65_kappa0.1,3,1.0,1.3478155495403751e-274,1.0
theta0.65_kappa0.1,4,1.0,4.542048839426692e-273,1.0
theta0.65_kappa0.1,5,1.0,4.8359707584053284e-284,1.0
theta0.65_kappa0.1,6,1.0,2.9962713500631e-241,1.0
theta0.65_kappa0.1,7,1.0,4.689669965310565e-269,1.0
theta0.65_kappa0.1,8,1.0,9.232384090655616e-249,1.0
theta0.65_kappa0.1,9,1.0,2.5457779271990932e-291,1.0
