family,action,action_name,immediate_expected_reward,model_information,direct_bayes,same_continuation_frozen_model,same_continuation_no_feedback,table_bayes,weighted_q
comparison_1,0,Abstain,0.051999999999999998,0,0.2226416632111351,0.2226416632111351,0.2226416632111351,0.22265857670211869,0.29395240464509836
comparison_1,1,Ask touch,0.035830263552258761,0.012832054117868351,0.21677117950340921,0.21053281282610187,0.20797607945795277,0.21686233002075525,0.28219471370793286
comparison_1,2,Ask deep,0.046088091038504662,0.011533014253182516,0.22577300176589996,0.22033002007305291,0.21771144959287961,0.22586486335532091,0.29129288793795605
comparison_1,10,Market sell,-0.0050000000000000044,0,0.16880816172006563,0.16880816172006563,0.16880816172006563,0.168823130619183,0.24481726521042549
comparison_2,0,Abstain,0.051999999999999998,0,0.22248343476544302,0.22248343476544302,0.22248343476544302,0.22248693115532692,0.29395240464509836
comparison_2,1,Ask touch,0.035830263552258761,0.012832054117868351,0.21651718411760429,0.21037810190133738,0.20778865059211896,0.21656295325995256,0.28219471370793286
comparison_2,2,Ask deep,0.046088091038504662,0.011533014253182516,0.22566737285261509,0.22008697379447245,0.21753416329715841,0.22572396885107202,0.29129288793795605
comparison_2,10,Market sell,-0.0050000000000000044,0,0.16858846139909553,0.16858846139909553,0.16858846139909553,0.16859219078740878,0.24481726521042549
selected,0,Abstain,0.051999999999999998,0,0.22242815439466979,0.22242815439466979,0.22242815439466979,0.22243184894436605,0.29395240464509836
selected,1,Ask touch,0.035830263552258761,0.012832054117868351,0.21658893442504196,0.2103389981089924,0.20776702412904169,0.2166414996731062,0.28219471370793286
selected,2,Ask deep,0.046088091038504662,0.011533014253182516,0.22558174386328608,0.22011136170002876,0.21750084737493253,0.22562032405725227,0.29129288793795605
selected,10,Market sell,-0.0050000000000000044,0,0.1686040282560835,0.1686040282560835,0.1686040282560835,0.1686076897774432,0.24481726521042549
