budget,policy,metric,mean,se,df,low,high,simultaneous_low,simultaneous_high,stratum_means,independent_replicates_per_model,zero_empirical_variance
0,bayes,objective,0.93545625945960142,0.0086471001767914283,54.932776486835472,0.91812660678806102,0.95278591213114183,0.91812660678806102,0.95278591213114183,"[1.1002458801289021, 0.7706666387903006]",30,False
0,weighted_q,objective,0.93095788687466474,0.0086882178327864143,54.824663309293364,0.91354505753600435,0.94837071621332514,0.91354505753600435,0.94837071621332514,"[1.111540414163879, 0.7503753595854504]",30,False
0,no_feedback,objective,0.91810892653488685,0.0085290487808711204,54.394609591696828,0.901012053879923,0.9352057991898507,0.901012053879923,0.9352057991898507,"[1.0972222891571983, 0.7389955639125751]",30,False
0,frozen_model,objective,0.93427247310737904,0.0085443050372051178,55.805794832165873,0.91715485879802372,0.95139008741673436,0.91715485879802372,0.95139008741673436,"[1.1055402467758761, 0.7630046994388822]",30,False
0,known_parameter,objective,0.97624803816464645,0.0081175180039366242,53.375051487441077,0.95996902920329563,0.99252704712599726,0.95996902920329563,0.99252704712599726,"[1.1432588189667319, 0.8092372573625605]",30,False
0,bayes,pnl,1.0146685927929349,0.0086400799915312479,54.981548618204201,0.99735335494748556,1.0319838306383842,0.99735335494748556,1.0319838306383842,"[1.1801218134622358, 0.849215372123634]",30,False
0,weighted_q,pnl,1.006960720207998,0.0086761435281096349,54.873293485278296,0.98957243755868263,1.0243490028573132,0.98957243755868263,1.0243490028573132,"[1.1880863474972123, 0.8258350929187837]",30,False
0,no_feedback,pnl,1.0049800598682201,0.0085335210938159104,54.509992733724232,0.9878750453295585,1.0220850744068817,0.9878750453295585,1.0220850744068817,"[1.1839803558238648, 0.8259797639125754]",30,False
0,frozen_model,pnl,1.0137092064407125,0.0085338777877763238,55.883209225899783,0.99661300650995044,1.0308054063714744,0.99661300650995044,1.0308054063714744,"[1.1855562467758765, 0.8418621661055486]",30,False
0,known_parameter,pnl,1.0534236714979797,0.0081096385506014765,53.389423756887176,1.0371605655916942,1.0696867774042651,1.0371605655916942,1.0696867774042651,"[1.2258353523000654, 0.8810119906958941]",30,False
1,bayes,objective,0.940011365159094,0.0074850305621841301,56.334976762256481,0.92501901440597012,0.95500371591221789,0.92501901440597012,0.95500371591221789,"[1.0989001182133185, 0.78112261210487]",30,False
1,weighted_q,objective,0.94131763642126109,0.0080797790362756704,56.504196028677981,0.9251350806024391,0.95750019224008309,0.9251350806024391,0.95750019224008309,"[1.1128074896805094, 0.7698277831620132]",30,False
1,no_feedback,objective,0.92245252225224061,0.0084211703307760077,52.554229201120833,0.90555844849881229,0.93934659600566894,0.90555844849881229,0.93934659600566894,"[1.0889956432201195, 0.7559094012843618]",30,False
1,frozen_model,objective,0.93918257350242329,0.0081106393815361284,57.553749870911879,0.92294468423178744,0.95542046277305914,0.92294468423178744,0.95542046277305914,"[1.1015277579520715, 0.7768373890527752]",30,False
1,known_parameter,objective,0.97624803816464645,0.0081175180039366242,53.375051487441077,0.95996902920329563,0.99252704712599726,0.95996902920329563,0.99252704712599726,"[1.1432588189667319, 0.8092372573625605]",30,False
1,bayes,pnl,1.0186208318257608,0.0074694897813657899,56.327873910189062,1.0036595675335167,1.0335820961180049,1.0036595675335167,1.0335820961180049,"[1.1787044515466514, 0.8585372121048699]",30,False
1,weighted_q,pnl,1.0172633364212611,0.0080416657676621265,56.448167683674335,1.0011567660483702,1.033369906794152,1.0011567660483702,1.033369906794152,"[1.190043223013843, 0.8444834498286796]",30,False
1,no_feedback,pnl,1.0086131222522405,0.008373212364042969,52.497552205884737,0.9918148320239375,1.0254114124805436,0.9918148320239375,1.0254114124805436,"[1.1754385765534532, 0.8417876679510283]",30,False
1,frozen_model,pnl,1.0180853401690899,0.0080930417839182017,57.537364089090808,1.0018825831118483,1.0342880972263315,1.0018825831118483,1.0342880972263315,"[1.1815241579520717, 0.8546465223861086]",30,False
1,known_parameter,pnl,1.0534236714979797,0.0081096385506014765,53.389423756887176,1.0371605655916942,1.0696867774042651,1.0371605655916942,1.0696867774042651,"[1.2258353523000654, 0.8810119906958941]",30,False
5,bayes,objective,0.9444691637764151,0.0094226872658732756,55.364539726264212,0.92558847081872109,0.96334985673410911,0.92558847081872109,0.96334985673410911,"[1.108472462053857, 0.7804658654989733]",30,False
5,weighted_q,objective,0.94398493063207922,0.0094207593723249806,56.500240222246489,0.92511656837712741,0.96285329288703103,0.92511656837712741,0.96285329288703103,"[1.1158339095305954, 0.7721359517335633]",30,False
5,no_feedback,objective,0.93260680994050871,0.0091254742354823504,56.873387060144424,0.91433248129194855,0.95088113858906886,0.91433248129194855,0.95088113858906886,"[1.0919653587306162, 0.7732482611504014]",30,False
5,frozen_model,objective,0.94549215986874691,0.0092367661635771835,55.186025212166648,0.92698266924518546,0.96400165049230835,0.92698266924518546,0.96400165049230835,"[1.1095959688083108, 0.7813883509291829]",30,False
5,known_parameter,objective,0.97624803816464645,0.0081175180039366242,53.375051487441077,0.95996902920329563,0.99252704712599726,0.95996902920329563,0.99252704712599726,"[1.1432588189667319, 0.8092372573625605]",30,False
5,bayes,pnl,1.0221822637764153,0.0093902634327364225,54.597807416449655,1.0033606389254528,1.0410038886273778,1.0033606389254528,1.0410038886273778,"[1.1886069287205239, 0.8557575988323068]",30,False
5,weighted_q,pnl,1.0199932639654128,0.0094224607430122963,55.687997265506091,1.0011154729489937,1.0388710549818319,1.0011154729489937,1.0388710549818319,"[1.194139376197262, 0.8458471517335632]",30,False
5,no_feedback,pnl,1.017232843273842,0.0090090746603657713,56.289990774309651,0.99918754956866573,1.0352781369790183,0.99918754956866573,1.0352781369790183,"[1.1785252253972829, 0.8559404611504012]",30,False
5,frozen_model,pnl,1.0234364598687469,0.0091934060995027544,54.395073133242498,1.0050078558194611,1.0418650639180327,1.0050078558194611,1.0418650639180327,"[1.1898518354749774, 0.8570210842625164]",30,False
5,known_parameter,pnl,1.0534236714979797,0.0081096385506014765,53.389423756887176,1.0371605655916942,1.0696867774042651,1.0371605655916942,1.0696867774042651,"[1.2258353523000654, 0.8810119906958941]",30,False
