budget,policy,baseline,metric,mean,se,df,low,high,simultaneous_low,simultaneous_high,stratum_means,independent_replicates_per_model,zero_empirical_variance
0,bayes,weighted_q,objective,0.0044983725849367384,0.0027780949497048799,56.555186397324967,-0.0010656150058491586,0.010062360175722635,-0.0044661530513171368,0.013462898221190614,"[-0.011294534034976739, 0.020291279204850222]",30,False
0,bayes,no_feedback,objective,0.01734733292471461,0.0033133082623048142,51.059386924222693,0.010695776871270702,0.023998888978158519,0.0066001335400357568,0.028094532309393464,"[0.003023590971703896, 0.031671074877725316]",30,False
0,bayes,frozen_model,objective,0.0011837863522223555,0.0020976710704545881,56.664807221620791,-0.0030172660847106927,0.0053848387891554036,-0.0055844762911880369,0.0079520489956327479,"[-0.005294366646973786, 0.007661939351418497]",30,False
0,known_parameter,bayes,objective,0.04079177870504485,0.0038546006316467992,56.879735832551738,0.033072720368903824,0.048510837041185875,0.028356932302665533,0.053226625107424166,"[0.04301293883782971, 0.03857061857225999]",30,False
0,bayes,weighted_q,pnl,0.007707872584936739,0.0027712295054400631,56.506596339503417,0.0021575308859524854,0.013258214283920992,-0.0012348691335360464,0.016650614303409524,"[-0.00796453403497674, 0.023380279204850214]",30,False
0,bayes,no_feedback,pnl,0.0096885329247146067,0.0033066307995343863,51.181069030302986,0.0030507647710588592,0.016326301078370353,-0.0010356430807620474,0.020412708930191259,"[-0.0038585423616294373, 0.02323560821105865]",30,False
0,bayes,frozen_model,pnl,0.00095938635222235535,0.0020992777539926978,56.709112700521814,-0.0032448122096943809,0.0051635849141390914,-0.0058138063070231928,0.0077325790114679029,"[-0.005434433313640452, 0.007353206018085163]",30,False
0,known_parameter,bayes,pnl,0.038755078705044847,0.0038455084911646685,56.859276376615433,0.031054167716921561,0.046455989693168137,0.026349349861234991,0.0511608075488547,"[0.04571353883782971, 0.03179661857225999]",30,False
1,bayes,weighted_q,objective,-0.0013062712621671562,0.0026280444967999436,55.574867681723291,-0.0065717658707827665,0.0039592233464484537,-0.0097938063561350281,0.0071812638318007162,"[-0.013907371467191149, 0.011294828942856834]",30,False
1,bayes,no_feedback,objective,0.017558842906853347,0.0033356724000344539,44.82982487832151,0.01083974984722212,0.024277935966484573,0.0066581313545895672,0.028459554459117128,"[0.009904474993198648, 0.025213210820508047]",30,False
1,bayes,frozen_model,objective,0.00082879165667065573,0.0022734825387054152,57.966087666528011,-0.0037221347782039919,0.0053797180915453038,-0.0064988392196303566,0.0081564225329716685,"[-0.0026276397387532614, 0.004285223052094574]",30,False
1,known_parameter,bayes,objective,0.036236673005552208,0.0042753436896428099,56.345898404184759,0.027673290511808328,0.044800055499296089,0.022438268731923935,0.050035077279180482,"[0.04435870075341361, 0.028114645257690776]",30,False
1,bayes,weighted_q,pnl,0.0013574954044995105,0.0026376283711055581,55.419805078391001,-0.003927530118272249,0.00664252092727127,-0.0071621594644034163,0.0098771502734024373,"[-0.01133877146719115, 0.014053762276190172]",30,False
1,bayes,no_feedback,pnl,0.010007709573520013,0.0033614791519557866,44.490156351529848,0.0032352009370751108,0.016780218209964913,-0.00098247845230163035,0.020997897599341654,"[0.0032658749931986464, 0.016749544153841382]",30,False
1,bayes,frozen_model,pnl,0.00053549165667065592,0.0022694320174203308,57.978098437510212,-0.0040073066289849999,0.0050782899423263122,-0.006779012987110573,0.0078499963004518853,"[-0.0028197064054199293, 0.0038906897187612408]",30,False
1,known_parameter,bayes,pnl,0.034802839672218866,0.0042866066410388679,57.429709092457628,0.026220449668190531,0.043385229676247201,0.0209806826264195,0.048624996718018232,"[0.04713090075341361, 0.022474778591024102]",30,False
5,bayes,weighted_q,objective,0.00048423314433601003,0.0019963497634301205,56.538200779952746,-0.0035140960756709179,0.0044825623643429376,-0.0059578027097747024,0.0069262689984467222,"[-0.007361447476738112, 0.008329913765410132]",30,False
5,bayes,no_feedback,objective,0.011862353835906524,0.003889570291922953,51.296827244395757,0.0040548125739749852,0.019669895097838064,-0.00075091208543602746,0.024475619757249073,"[0.016507103323240978, 0.007217604348572075]",30,False
5,bayes,frozen_model,objective,-0.0010229960923316837,0.0014723946479749362,57.9935687943603,-0.0039703211616773917,0.0019243289770140245,-0.005768545958322247,0.0037225537736588791,"[-0.0011235067544536652, -0.000922485430209703]",30,False
5,known_parameter,bayes,objective,0.031778874388231057,0.0054522138076090153,57.252957526946766,0.020862049894713991,0.042695698881748123,0.014195648712864346,0.049362100063597772,"[0.03478635691287483, 0.028771391863587285]",30,False
5,bayes,weighted_q,pnl,0.0021889998110026774,0.0020036350037179475,56.071214789500992,-0.0018246509221013694,0.0062026505441067237,-0.0042791368968273704,0.0086571365188327244,"[-0.005532447476738113, 0.009910447098743468]",30,False
5,bayes,no_feedback,pnl,0.0049494205025731909,0.0039076295038319164,50.478247350854161,-0.0028974423251885671,0.012796283330334949,-0.0077333576224130982,0.017632198627559478,"[0.01008170332324097, -0.00018286231809459447]",30,False
5,bayes,frozen_model,pnl,-0.0012541960923316837,0.0014745714812547835,57.994932017556948,-0.0042058770998039769,0.0016974849151406097,-0.0060067566886743366,0.0034983645040109687,"[-0.0012449067544536647, -0.0012634854302097029]",30,False
5,known_parameter,bayes,pnl,0.031241407721564383,0.0054562845437873715,55.120555036647595,0.020307306666826636,0.042175508776302134,0.013612668547847737,0.048870146895281033,"[0.037228423579541495, 0.025254391863587283]",30,False
