budget,policy,choice_seconds,decisions,microseconds_per_decision
0,bayes,45.521906550449785,1800000,25.289948083583212
0,frozen_model,43.760638937761541,1800000,24.311466076534192
0,known_parameter,0.75674193323357031,1800000,0.42041218512976131
0,no_feedback,61.083247828122694,1800000,33.935137682290389
0,weighted_q,1.524851809052052,1800000,0.84713989391780664
1,bayes,52.347453812893946,1800000,29.081918784941081
1,frozen_model,53.62537764388253,1800000,29.791876468823627
1,known_parameter,0.77325170233962126,1800000,0.42958427907756741
1,no_feedback,51.891709915595129,1800000,28.828727730886182
1,weighted_q,1.2399656419001985,1800000,0.68886980105566586
5,bayes,57.154421779996483,1800000,31.752456544442492
5,frozen_model,58.062367108097533,1800000,32.256870615609742
5,known_parameter,0.77455985330743715,1800000,0.43031102961524287
5,no_feedback,57.560551007773029,1800000,31.978083893207238
5,weighted_q,1.340288023580797,1800000,0.74460445754488724
