budget,policy,planning_quantity,approximate_planning_value,actual_policy_mean,policy_interval_low,policy_interval_high,uncertified_planning_minus_return
0,weighted_q,revelation_0,0.98087777638969598,0.93095788687466474,0.91354505753600435,0.94837071621332514,0.049919889515031235
0,weighted_q,revelation_1_direct,0.98087777638969598,0.93095788687466474,0.91354505753600435,0.94837071621332514,0.049919889515031235
0,weighted_q,reveal2,0.98061581944856857,0.93095788687466474,0.91354505753600435,0.94837071621332514,0.049657932573903829
0,weighted_q,reveal3,0.98036961644961318,0.93095788687466474,0.91354505753600435,0.94837071621332514,0.049411729574948438
0,bayes,revelation_0,0.98087777638969598,0.93545625945960142,0.91812660678806102,0.95278591213114183,0.045421516930094552
0,bayes,revelation_1_direct,0.98087777638969598,0.93545625945960142,0.91812660678806102,0.95278591213114183,0.045421516930094552
0,bayes,reveal2,0.98061581944856857,0.93545625945960142,0.91812660678806102,0.95278591213114183,0.045159559988967146
0,bayes,reveal3,0.98036961644961318,0.93545625945960142,0.91812660678806102,0.95278591213114183,0.044913356990011755
1,weighted_q,revelation_0,0.97326867324431421,0.94131763642126109,0.9251350806024391,0.95750019224008309,0.031951036823053114
1,weighted_q,revelation_1_direct,0.97326867324431421,0.94131763642126109,0.9251350806024391,0.95750019224008309,0.031951036823053114
1,weighted_q,reveal2,0.97304519871822126,0.94131763642126109,0.9251350806024391,0.95750019224008309,0.031727562296960166
1,weighted_q,reveal3,0.97282048072631833,0.94131763642126109,0.9251350806024391,0.95750019224008309,0.031502844305057232
1,bayes,revelation_0,0.97326867324431421,0.940011365159094,0.92501901440597012,0.95500371591221789,0.033257308085220205
1,bayes,revelation_1_direct,0.97326867324431421,0.940011365159094,0.92501901440597012,0.95500371591221789,0.033257308085220205
1,bayes,reveal2,0.97304519871822126,0.940011365159094,0.92501901440597012,0.95500371591221789,0.033033833559127257
1,bayes,reveal3,0.97282048072631833,0.940011365159094,0.92501901440597012,0.95500371591221789,0.032809115567224323
5,weighted_q,revelation_0,0.96364243015567963,0.94398493063207922,0.92511656837712741,0.96285329288703103,0.019657499523600408
5,weighted_q,revelation_1_direct,0.96364243015567974,0.94398493063207922,0.92511656837712741,0.96285329288703103,0.019657499523600519
5,weighted_q,reveal2,0.9634894122941805,0.94398493063207922,0.92511656837712741,0.96285329288703103,0.019504481662101281
5,weighted_q,reveal3,0.96333199631482069,0.94398493063207922,0.92511656837712741,0.96285329288703103,0.019347065682741471
5,bayes,revelation_0,0.96364243015567963,0.9444691637764151,0.92558847081872109,0.96334985673410911,0.019173266379264531
5,bayes,revelation_1_direct,0.96364243015567974,0.9444691637764151,0.92558847081872109,0.96334985673410911,0.019173266379264642
5,bayes,reveal2,0.9634894122941805,0.9444691637764151,0.92558847081872109,0.96334985673410911,0.019020248517765403
5,bayes,reveal3,0.96333199631482069,0.9444691637764151,0.92558847081872109,0.96334985673410911,0.018862832538405594
