model_index,replicate,budget,weight_model0,initial_model_entropy,revelation_0,revelation_1_direct,known_true_model,bayes,reveal1,reveal2,reveal3,no_feedback,frozen_model
0,0,0,0.5,0.69314718055994529,0.98087777638969609,0.98087777638969609,1.1403457370202357,0.93962894693677834,0.98087777638969609,0.98066970002362241,0.98047455270308148,0.73002946172983552,0.92803905878266113
0,0,1,0.73579611582475613,0.57740827999061239,1.0560816278200493,1.0560816278200487,1.1403457370202357,1.0254089529039219,1.0560816278200487,1.0559232126890019,1.0557865849560706,0.73002946172983552,1.0196142288490857
0,0,5,0.22807730948666566,0.53694267564378062,0.89415186257902879,0.8941518625790349,1.1403457370202357,0.86469209866741892,0.8941518625790349,0.89406942880711027,0.89395126505006661,0.7300294617298354,0.85465136741234282
0,1,0,0.5,0.69314718055994529,0.98087777638969609,0.98087777638969609,1.1403457370202357,0.93962894693677834,0.98087777638969609,0.98066970002362241,0.98047455270308148,0.73002946172983552,0.92803905878266113
0,1,1,0.80046616079745092,0.4997555079762015,1.0767072281914103,1.0767072281914107,1.1403457370202357,1.0521711856718894,1.0767072281914107,1.076614934916321,1.0765451935185444,0.73002946172983529,1.0483431467191311
0,1,5,0.8013710167386513,0.49849590663858268,1.0769958192546278,1.0769958192546252,1.1403457370202357,1.0525499014161308,1.0769958192546252,1.0769044590656536,1.0768356688359884,0.73002946172983529,1.0487492463999686
1,0,0,0.5,0.69314718055994529,0.98087777638969609,0.98087777638969609,0.82140981575915639,0.93962894693677834,0.98087777638969609,0.98066970002362241,0.98047455270308148,0.73002946172983552,0.92803905878266113
1,0,1,0.31746358392594137,0.62494277521903463,0.92266035636541988,0.92266035636542054,0.82140981575915639,0.88635435774954774,0.92266035636542043,0.92253513745920157,0.92237654040521388,0.73002946172983552,0.87456950831853397
1,0,5,0.0051124828788332898,0.032073209896918725,0.82304037019604448,0.82304037019604859,0.82140981575915639,0.82341851541365996,0.82304037019604859,0.82309583157064792,0.82314443252208314,0.73002946172983552,0.82311890822026068
1,1,0,0.5,0.69314718055994529,0.98087777638969609,0.98087777638969609,0.82140981575915639,0.93962894693677834,0.98087777638969609,0.98066970002362241,0.98047455270308148,0.73002946172983552,0.92803905878266113
1,1,1,0.58407353229108894,0.67894308230425005,1.007691845864628,1.0076918458646276,0.82140981575915639,0.96817423450001083,1.0076918458646276,1.0074604847926925,1.0072646614608869,0.73002946172983552,0.95811686290360154
1,1,5,0.69131991738274601,0.6180404974392586,1.0418965704957506,1.0418965704957572,0.82140981575915639,1.0077477305106004,1.0418965704957572,1.0416940632451399,1.0415141074239542,0.73002946172983552,1.0005770888045893
