budget,policy,model_index,replicate,episode,passive_fees,market_fees,inventory_sq_sum,liquidation_cost,pnl,inventory_penalty,objective,action_0,action_1,action_2,action_3,action_4,action_5,action_6,action_7,action_8,action_9,action_10,model_entropy_initial,model_entropy_final,true_model_probability_final
0,bayes,0,0.5,5.5,0.01141666666666667,0.0069166666666666673,41.708333333333336,0.028125000000000001,1.5702754575164857,0.083416666666666681,1.486858790849819,3.6666666666666665,3.0416666666666665,2.375,2.1666666666666665,0.79166666666666663,5.083333333333333,2.1666666666666665,4.041666666666667,3.2083333333333335,1.5416666666666667,1.9166666666666667,0.69314718055994529,0.61539606519008272,0.63739301472817445
0,bayes,1,0.5,5.5,0.011083333333333336,0.0049166666666666673,36.333333333333336,0.028125000000000001,0.99283764008301312,0.072666666666666671,0.92017097341634646,5.5,2.5833333333333335,2.25,1.5833333333333333,0.625,3.7916666666666665,1.9583333333333333,3.8333333333333335,5.416666666666667,1.4583333333333333,1,0.69314718055994529,0.65490093174896769,0.50026289060326878
0,frozen_model,0,0.5,5.5,0.010750000000000003,0.0077500000000000008,41.666666666666664,0.028125000000000001,1.3685650251983059,0.083333333333333329,1.2852316918649724,4.958333333333333,2.8333333333333335,1.75,1.8333333333333333,0.625,5.041666666666667,2.25,3.6666666666666665,3.1666666666666665,1.8333333333333333,2.0416666666666665,0.69314718055994529,0.6229555257024052,0.63209861687365232
0,frozen_model,1,0.5,5.5,0.011458333333333336,0.0046666666666666671,35.291666666666664,0.028125000000000001,1.0924741147239254,0.070583333333333331,1.021890781390592,4.833333333333333,2.25,2.3333333333333335,1.7916666666666667,0.70833333333333337,3.9583333333333335,1.7083333333333333,4.458333333333333,5.625,1.4166666666666667,0.91666666666666663,0.69314718055994529,0.63494585063767162,0.54175088683024264
0,known_parameter,0,0.5,5.5,0.011416666666666672,0.007666666666666668,40.208333333333336,0.027000000000000007,1.4195769193461756,0.080416666666666678,1.339160252679509,6.083333333333333,2.5416666666666665,0.29166666666666669,1.2916666666666667,1.25,5.625,1.0416666666666667,5.083333333333333,2.9583333333333335,1.9166666666666667,1.9166666666666667,0.69314718055994529,0.61970261443695696,0.61712539876613837
0,known_parameter,1,0.5,5.5,0.012666666666666672,0.0042500000000000003,31.958333333333332,0.023625000000000004,1.0834662625310807,0.063916666666666663,1.0195495958644141,2.2083333333333335,2.5,2.625,1.9583333333333333,0.20833333333333334,4.041666666666667,2.9583333333333335,4.458333333333333,6.916666666666667,1.2083333333333333,0.91666666666666663,0.69314718055994529,0.6138356435352027,0.52849801818511377
0,no_feedback,0,0.5,5.5,0.010416666666666671,0.0083333333333333332,45.25,0.024750000000000005,1.4152643756676726,0.090500000000000011,1.3247643756676728,5.666666666666667,2.5,1.8333333333333333,1.625,0.75,4.625,2.0833333333333335,3.5833333333333335,3.1666666666666665,2.0833333333333335,2.0833333333333335,0.69314718055994529,0.62099254683578786,0.62177992504770196
0,no_feedback,1,0.5,5.5,0.0097083333333333362,0.0066666666666666671,43.041666666666664,0.025875000000000006,0.99477345667412853,0.086083333333333331,0.90869012334079524,7.791666666666667,1.6666666666666667,1.9166666666666667,1.25,0.41666666666666669,3.5833333333333335,1.9166666666666667,3.5,4.625,1.75,1.5833333333333333,0.69314718055994529,0.65861744304435221,0.53641326057467031
0,weighted_q,0,0.5,5.5,0.011125000000000005,0.0070833333333333338,38.875,0.024750000000000005,1.5370711504482484,0.07775,1.4593211504482484,4.708333333333333,3.125,1.5833333333333333,1.7083333333333333,0.875,5.208333333333333,1.875,4.041666666666667,3.3333333333333335,1.7916666666666667,1.75,0.69314718055994529,0.62200735564240806,0.61681321366384068
0,weighted_q,1,0.5,5.5,0.01116666666666667,0.0048333333333333336,33.458333333333336,0.027000000000000007,1.1666672982971904,0.066916666666666666,1.0997506316305237,5.291666666666667,1.9166666666666667,2.2083333333333335,1.625,0.875,3.9583333333333335,2.125,4.208333333333333,5.375,1.3333333333333333,1.0833333333333333,0.69314718055994529,0.63864336974960878,0.52061194498166141
1,bayes,0,0.5,5.5,0.011166666666666672,0.0070000000000000001,40.5,0.029250000000000002,1.5325583923811574,0.081000000000000003,1.4515583923811572,5.333333333333333,2.625,1.625,1.5833333333333333,1.125,5.416666666666667,1.625,4.458333333333333,2.7083333333333335,1.7083333333333333,1.7916666666666667,0.53858189398340695,0.42944171929512959,0.83449986651280461
1,bayes,1,0.5,5.5,0.011333333333333336,0.0048333333333333336,35.375,0.027000000000000007,1.0873737102323002,0.070749999999999993,1.0166237102323001,5,2.375,2.5,1.625,0.70833333333333337,3.9583333333333335,1.8333333333333333,4.333333333333333,5.25,1.4583333333333333,0.95833333333333337,0.65194292876164239,0.58590769645646945,0.56978463414226888
1,frozen_model,0,0.5,5.5,0.010916666666666672,0.0071666666666666675,41.125,0.029250000000000002,1.555220994337186,0.082250000000000004,1.4729709943371858,5.541666666666667,2.5833333333333335,1.625,1.6666666666666667,1.0416666666666667,5.25,1.6666666666666667,4.375,2.6666666666666665,1.6666666666666667,1.9166666666666667,0.53858189398340695,0.42316841331924465,0.83865838286290273
1,frozen_model,1,0.5,5.5,0.011500000000000003,0.0045833333333333334,34.583333333333336,0.025875000000000006,0.88614093843290609,0.069166666666666668,0.81697427176623938,4.958333333333333,2.0833333333333335,2.4583333333333335,1.6666666666666667,0.58333333333333337,3.9583333333333335,2.0833333333333335,3.875,6.041666666666667,1.2916666666666667,1,0.65194292876164239,0.59070843763911884,0.59394255804599738
1,known_parameter,0,0.5,5.5,0.011416666666666672,0.007666666666666668,40.208333333333336,0.027000000000000007,1.4195769193461756,0.080416666666666678,1.339160252679509,6.083333333333333,2.5416666666666665,0.29166666666666669,1.2916666666666667,1.25,5.625,1.0416666666666667,5.083333333333333,2.9583333333333335,1.9166666666666667,1.9166666666666667,0.53858189398340695,0.42613042571184029,0.83296480906987647
1,known_parameter,1,0.5,5.5,0.012666666666666672,0.0042500000000000003,31.958333333333332,0.023625000000000004,1.0834662625310807,0.063916666666666663,1.0195495958644141,2.2083333333333335,2.5,2.625,1.9583333333333333,0.20833333333333334,4.041666666666667,2.9583333333333335,4.458333333333333,6.916666666666667,1.2083333333333333,0.91666666666666663,0.65194292876164239,0.57583783235718777,0.56880316006967613
1,no_feedback,0,0.5,5.5,0.0095416666666666705,0.0089166666666666682,45.291666666666664,0.029250000000000002,1.4296100933313909,0.090583333333333335,1.3390267599980576,6.833333333333333,2.375,1.5833333333333333,1.4583333333333333,0.91666666666666663,4.583333333333333,1.2916666666666667,3.5833333333333335,2.9166666666666665,2.125,2.3333333333333335,0.53858189398340695,0.45145505335737579,0.81495342428077411
1,no_feedback,1,0.5,5.5,0.0096250000000000033,0.006083333333333333,39.666666666666664,0.027000000000000007,1.0830060905698067,0.079333333333333339,1.0036727572364734,7.166666666666667,1.5416666666666667,2.4166666666666665,1.6666666666666667,0.375,3.0416666666666665,2.0833333333333335,3.5833333333333335,5.083333333333333,1.5,1.5416666666666667,0.65194292876164239,0.61101679670904796,0.56955917697062564
1,weighted_q,0,0.5,5.5,0.011375000000000005,0.0073333333333333341,39.916666666666664,0.025875000000000006,1.518007760198026,0.079833333333333339,1.4381744268646928,5.75,2.75,0.66666666666666663,1.25,1.1666666666666667,5.625,1.5416666666666667,4.666666666666667,2.9166666666666665,1.7083333333333333,1.9583333333333333,0.53858189398340695,0.42919438526449549,0.83271301341623183
1,weighted_q,1,0.5,5.5,0.011750000000000003,0.0050833333333333329,33,0.025875000000000006,1.0910628085608629,0.066000000000000003,1.0250628085608628,4.125,2.0833333333333335,2.3333333333333335,1.5,0.75,4.041666666666667,2.2083333333333335,4.291666666666667,6.125,1.375,1.1666666666666667,0.65194292876164239,0.5723594979740364,0.58617375663632487
5,bayes,0,0.5,5.5,0.011458333333333339,0.0069166666666666673,40.291666666666664,0.027000000000000007,1.3734087777936905,0.08058333333333334,1.2928254444603573,3.7083333333333335,2.9583333333333335,2.5416666666666665,2.0833333333333335,0.41666666666666669,5.375,1.7083333333333333,4.125,3.625,1.625,1.8333333333333333,0.51771929114118165,0.50402759783834139,0.60725473898043447
5,bayes,1,0.5,5.5,0.011708333333333336,0.0041666666666666666,33.5,0.028125000000000001,0.86897079195553129,0.067000000000000004,0.80197079195553123,4.166666666666667,2.5416666666666665,2.4583333333333335,2.125,0.58333333333333337,3.875,2.1666666666666665,4.375,5.625,1.2083333333333333,0.875,0.32505685366808867,0.31433276967948981,0.64973661202960409
5,frozen_model,0,0.5,5.5,0.011625000000000005,0.0070000000000000001,41.125,0.025875000000000006,1.4566409758266106,0.082250000000000004,1.3743909758266106,4.166666666666667,2.7916666666666665,2.3333333333333335,2.1666666666666665,0.5,5.416666666666667,1.375,4.208333333333333,3.5416666666666665,1.5833333333333333,1.9166666666666667,0.51771929114118165,0.49930847048590526,0.59899982556517051
5,frozen_model,1,0.5,5.5,0.011708333333333336,0.0041666666666666666,33.625,0.028125000000000001,0.88472305704227761,0.067250000000000004,0.81747305704227757,4.208333333333333,2.4166666666666665,2.4583333333333335,1.9583333333333333,0.58333333333333337,3.9583333333333335,2.1666666666666665,4.5,5.666666666666667,1.2083333333333333,0.875,0.32505685366808867,0.3142061008990103,0.64723270406224254
5,known_parameter,0,0.5,5.5,0.011416666666666672,0.007666666666666668,40.208333333333336,0.027000000000000007,1.4195769193461756,0.080416666666666678,1.339160252679509,6.083333333333333,2.5416666666666665,0.29166666666666669,1.2916666666666667,1.25,5.625,1.0416666666666667,5.083333333333333,2.9583333333333335,1.9166666666666667,1.9166666666666667,0.51771929114118165,0.50280415417845281,0.61180097158769042
5,known_parameter,1,0.5,5.5,0.012666666666666672,0.0042500000000000003,31.958333333333332,0.023625000000000004,1.0834662625310807,0.063916666666666663,1.0195495958644141,2.2083333333333335,2.5,2.625,1.9583333333333333,0.20833333333333334,4.041666666666667,2.9583333333333335,4.458333333333333,6.916666666666667,1.2083333333333333,0.91666666666666663,0.32505685366808867,0.30255607236373455,0.67046846477415045
5,no_feedback,0,0.5,5.5,0.0099166666666666691,0.0087500000000000008,42.625,0.023625000000000004,1.3025387603323872,0.085250000000000006,1.2172887603323872,6.041666666666667,2.4583333333333335,1.9166666666666667,1.4583333333333333,0.45833333333333331,4.291666666666667,1.9166666666666667,3.4166666666666665,3.6666666666666665,2.125,2.25,0.51771929114118165,0.51845627046723652,0.60754756047771974
5,no_feedback,1,0.5,5.5,0.010208333333333337,0.0064166666666666669,39.958333333333336,0.022500000000000003,1.0859206782141024,0.079916666666666678,1.0060040115474358,6.541666666666667,1.9166666666666667,2.2083333333333335,1.5,0.58333333333333337,3.3333333333333335,2.0416666666666665,3.0833333333333335,5.583333333333333,1.7916666666666667,1.4166666666666667,0.32505685366808867,0.30666550179925917,0.63854757399970885
5,weighted_q,0,0.5,5.5,0.011083333333333336,0.0072500000000000004,38.208333333333336,0.023625000000000004,1.2140516692079855,0.076416666666666674,1.1376350025413189,4.916666666666667,2.6666666666666665,1.7916666666666667,1.5416666666666667,0.41666666666666669,5.208333333333333,1.625,4.208333333333333,4,1.7916666666666667,1.8333333333333333,0.51771929114118165,0.51102258284240398,0.60738380183173413
5,weighted_q,1,0.5,5.5,0.012250000000000004,0.0044999999999999997,33.458333333333336,0.027000000000000007,1.1075796348958715,0.066916666666666666,1.0406629682292048,4.041666666666667,2.0833333333333335,2.125,1.375,0.75,4.75,2.0833333333333335,4.791666666666667,5.75,1.25,1,0.32505685366808867,0.30774220204024505,0.66511495553331401
