model_index,replicate,budget,policy,decisions,choice_seconds
0,0,0,bayes,360,0.0070111689856275916
0,0,0,weighted_q,360,0.0054662920592818409
0,0,0,no_feedback,360,0.0067977489961776882
0,0,0,frozen_model,360,0.0071313331136479974
0,0,0,known_parameter,360,0.0037909619859419763
0,0,1,bayes,360,0.0070502920425496995
0,0,1,weighted_q,360,0.0050605399592313915
0,0,1,no_feedback,360,0.0067140429455321282
0,0,1,frozen_model,360,0.0070049151254352182
0,0,1,known_parameter,360,0.0037985860253684223
0,0,5,bayes,360,0.0065257090900558978
0,0,5,weighted_q,360,0.0054874579655006528
0,0,5,no_feedback,360,0.0069770369736943394
0,0,5,frozen_model,360,0.0067835829686373472
0,0,5,known_parameter,360,0.003472210984909907
0,1,0,bayes,360,0.0070609599642921239
0,1,0,weighted_q,360,0.005874460912309587
0,1,0,no_feedback,360,0.0069309950922615826
0,1,0,frozen_model,360,0.0067836248781532049
0,1,0,known_parameter,360,0.003619663038989529
0,1,1,bayes,360,0.0067337070067878813
0,1,1,weighted_q,360,0.0053405389771796763
0,1,1,no_feedback,360,0.0066809630370698869
0,1,1,frozen_model,360,0.0064228750125039369
0,1,1,known_parameter,360,0.0037076259031891823
0,1,5,bayes,360,0.0065625400166027248
0,1,5,weighted_q,360,0.0051384569960646331
0,1,5,no_feedback,360,0.0063095820078160614
0,1,5,frozen_model,360,0.0068717089889105409
0,1,5,known_parameter,360,0.0033922948932740837
1,0,0,bayes,360,0.0065836230060085654
1,0,0,weighted_q,360,0.0052334149077069014
1,0,0,no_feedback,360,0.0069385849928949028
1,0,0,frozen_model,360,0.0069407889677677304
1,0,0,known_parameter,360,0.0032239169231615961
1,0,1,bayes,360,0.0063144159503281116
1,0,1,weighted_q,360,0.0047171259066089988
1,0,1,no_feedback,360,0.0063674199336674064
1,0,1,frozen_model,360,0.0064486640912946314
1,0,1,known_parameter,360,0.0033192530390806496
1,0,5,bayes,360,0.0063074610370676965
1,0,5,weighted_q,360,0.0050719989812932909
1,0,5,no_feedback,360,0.007963331911014393
1,0,5,frozen_model,360,0.0078327519877348095
1,0,5,known_parameter,360,0.0038221251161303371
1,1,0,bayes,360,0.0068874139979016036
1,1,0,weighted_q,360,0.0053381250181701034
1,1,0,no_feedback,360,0.0072235379775520414
1,1,0,frozen_model,360,0.0063992499781306833
1,1,0,known_parameter,360,0.0033846259757410735
1,1,1,bayes,360,0.0062515809840988368
1,1,1,weighted_q,360,0.0047543759574182332
1,1,1,no_feedback,360,0.0065427100053057075
1,1,1,frozen_model,360,0.0082914998638443649
1,1,1,known_parameter,360,0.0042789989674929529
1,1,5,bayes,360,0.0070604579814244062
1,1,5,weighted_q,360,0.0055873720266390592
1,1,5,no_feedback,360,0.0072983730642590672
1,1,5,frozen_model,360,0.006996246927883476
1,1,5,known_parameter,360,0.0038029149000067264
