pilot	field	dtype	shape	original_sha256	regenerated_sha256	differing	max_abs	max_ulp	passed
03_01	price	float64	100x301	363684306947dfba2a4a050b7f485bec0821e3d703fb61db32ffebc4ffeb6e23	363684306947dfba2a4a050b7f485bec0821e3d703fb61db32ffebc4ffeb6e23	0	0.0	0	True
03_01	signal	int8	100x301	0156777163e5a357e8c0d706fe2c99981ca710a7d78895731152ebc909d274e9	0156777163e5a357e8c0d706fe2c99981ca710a7d78895731152ebc909d274e9	0			True
03_01	cash	float64	100x301	d24125220a6c71744a3a52b83a07d4e8b65941998f78a3911bdcb5e018b56509	d24125220a6c71744a3a52b83a07d4e8b65941998f78a3911bdcb5e018b56509	0	0.0	0	True
03_01	inventory	int16	100x301	0f7f0be744f1e5c7950692abc0aa3dd240b3dc10f80b9e7732ae737169ca6adb	0f7f0be744f1e5c7950692abc0aa3dd240b3dc10f80b9e7732ae737169ca6adb	0			True
03_01	actions	int8	100x300	ba1f85ad9167434128dfb010c1203aa6a4efcafc947865e978506e52d2c1213a	ba1f85ad9167434128dfb010c1203aa6a4efcafc947865e978506e52d2c1213a	0			True
03_01	action_probability	float64	100x300	e6f9225b1c692a91541cd80db5fb75d827834e3970d29b4840790f6ad195e6fa	e6f9225b1c692a91541cd80db5fb75d827834e3970d29b4840790f6ad195e6fa	0	0.0	0	True
03_01	return_	float64	100x300	e4188df0bfe8aba0882a4a779d32826884f8ac2d00093e3847b8efbdd89d1e44	e4188df0bfe8aba0882a4a779d32826884f8ac2d00093e3847b8efbdd89d1e44	0	0.0	0	True
03_01	submitted	bool	100x300x2	62140e072961e26816449c1b02480cf9595e1a14466c6e1fe81354bf51bc07ae	62140e072961e26816449c1b02480cf9595e1a14466c6e1fe81354bf51bc07ae	0			True
03_01	fills	int8	100x300x2	03532b84dd585e03c8cc051ebe1ff0fb2d6c4ffe2abed939fb38ddf1e3143d9c	03532b84dd585e03c8cc051ebe1ff0fb2d6c4ffe2abed939fb38ddf1e3143d9c	0			True
03_01	execution_prices	float64	100x300x2	0a8616ece08a9fa8eae199971f1d8df7a8e0da5b7aabc3bba83878efae9f29af	0a8616ece08a9fa8eae199971f1d8df7a8e0da5b7aabc3bba83878efae9f29af	0	0.0	0	True
03_01	executed_quantities	int8	100x300x2	b2b0de5f24c4e1aa5f33799ae8a09e5116a6370476bcf1b582065227ac4ec85f	b2b0de5f24c4e1aa5f33799ae8a09e5116a6370476bcf1b582065227ac4ec85f	0			True
03_01	fees	float64	100x300	75a860b25b8fa4ae26ef3c45689359d6e37fc78a5fa86feb6167ae5767f649e0	75a860b25b8fa4ae26ef3c45689359d6e37fc78a5fa86feb6167ae5767f649e0	0	0.0	0	True
08_02	price	float64	100x301	8e3e01c9e266be74fa6f5761bb18ff3783be60d10ceb887f764d2fe9d548a00a	8e3e01c9e266be74fa6f5761bb18ff3783be60d10ceb887f764d2fe9d548a00a	0	0.0	0	True
08_02	signal	int8	100x301	5cd2fc81ef424ea9da8efc4e7bf6613ce9ab832fb826892b34b17eedccd45971	5cd2fc81ef424ea9da8efc4e7bf6613ce9ab832fb826892b34b17eedccd45971	0			True
08_02	cash	float64	100x301	8c138d6d12e5bdf9f09d5f9f31237a5aecbcb04d4a8d43961a34118587f0a494	8c138d6d12e5bdf9f09d5f9f31237a5aecbcb04d4a8d43961a34118587f0a494	0	0.0	0	True
08_02	inventory	int16	100x301	2107c0bb919316e4b80cf0aef334303cebb1cc6db11771f53e09b8ac558fc460	2107c0bb919316e4b80cf0aef334303cebb1cc6db11771f53e09b8ac558fc460	0			True
08_02	actions	int8	100x300	cdef4f30584e19f1a20fd94cf19bddfc6a4e3e3c84ab487b868967529c86c05c	cdef4f30584e19f1a20fd94cf19bddfc6a4e3e3c84ab487b868967529c86c05c	0			True
08_02	action_probability	float64	100x300	26d762c74e7824d4913f5169fc862de978ca0041aba863fffa1ed41f28188154	26d762c74e7824d4913f5169fc862de978ca0041aba863fffa1ed41f28188154	0	0.0	0	True
08_02	return_	float64	100x300	97a389cf58e372644cba5c970aa0a0db45e2ceef3ea89f14b0d4d8db3a2351a1	97a389cf58e372644cba5c970aa0a0db45e2ceef3ea89f14b0d4d8db3a2351a1	0	0.0	0	True
08_02	submitted	bool	100x300x2	4b1d4d84027993261d3fc4d2edc420aedbdd1ced0cf0973e0bbbb22d11f68be6	4b1d4d84027993261d3fc4d2edc420aedbdd1ced0cf0973e0bbbb22d11f68be6	0			True
08_02	fills	int8	100x300x2	ff27d60e5e2054f2c82b6b8feb15c0743af101d510ade650d0646f540e0610a9	ff27d60e5e2054f2c82b6b8feb15c0743af101d510ade650d0646f540e0610a9	0			True
08_02	execution_prices	float64	100x300x2	b58b239537f626d925c6c70d5767a898e3972a66be77d5c546cd28df39b071a0	b58b239537f626d925c6c70d5767a898e3972a66be77d5c546cd28df39b071a0	0	0.0	0	True
08_02	executed_quantities	int8	100x300x2	0462aa701114f80d035a9bda5219076b025791d7cf5907edc612f6d5e283499c	0462aa701114f80d035a9bda5219076b025791d7cf5907edc612f6d5e283499c	0			True
08_02	fees	float64	100x300	ad086549ec5b3a5f0d56a78e09b4b49e0f67c89e57ab1c4ce3a942e4828a582b	ad086549ec5b3a5f0d56a78e09b4b49e0f67c89e57ab1c4ce3a942e4828a582b	0	0.0	0	True
