action,name,bid_depth,ask_depth,sides,reward_bad,reward_good,kl_bad_good,expected_terminal_units,both_fill_probability,cost_per_nat
0,abstain,-1,-1,0,0.0,0.0,0.0,0.0,0.0,
1,bid_-1_ask_0,-1,0,1,-0.04243420341136427,0.03988085851223423,0.1674822241327502,0.425557483188341,0.0,0.2533654161275644
2,bid_-1_ask_1,-1,1,1,-0.028732775652889626,0.040566198193169416,0.14835855405951998,0.2689414213699951,0.0,0.1936711761248517
3,bid_0_ask_-1,0,-1,1,-0.04243420341136427,0.03988085851223423,0.1674822241327502,0.425557483188341,0.0,0.2533654161275644
4,bid_0_ask_0,0,0,2,-0.0761055804215616,0.08852454342563541,0.3349644482655004,0.5265658404075357,0.16227456298457313,0.22720494910922184
5,bid_0_ask_1,0,1,2,-0.06583749541941636,0.08577654035024117,0.3158407781922702,0.49711062141620516,0.09869414157106546,0.20845153623366944
6,bid_1_ask_-1,1,-1,1,-0.028732775652889626,0.040566198193169416,0.14835855405951998,0.2689414213699951,0.0,0.1936711761248517
7,bid_1_ask_0,1,0,2,-0.06583749541941636,0.08577654035024117,0.3158407781922702,0.49711062141620516,0.09869414157106546,0.20845153623366944
8,bid_1_ask_1,1,1,2,-0.054263917543495535,0.08433403014862255,0.29671710811903995,0.41930381450726,0.05928951411636511,0.18288098683452184
9,market_buy,-2,-2,0,-0.054000000000000006,-0.054000000000000006,0.0,1.0,0.0,
10,market_sell,-2,-2,0,-0.054000000000000006,-0.054000000000000006,0.0,1.0,0.0,
